RouteKey,Route,Origin,Dest,FlightCountSample
1,ABE-ATL,ABE,ATL,15
2,ABE-BNA,ABE,BNA,2
3,ABE-CLT,ABE,CLT,18
4,ABE-DEN,ABE,DEN,1
5,ABE-MLB,ABE,MLB,1
6,ABE-MYR,ABE,MYR,2
7,ABE-ORD,ABE,ORD,7
8,ABE-PGD,ABE,PGD,4
9,ABE-PIE,ABE,PIE,1
10,ABE-SFB,ABE,SFB,5
11,ABI-DFW,ABI,DFW,26
12,ABQ-ATL,ABQ,ATL,15
13,ABQ-AUS,ABQ,AUS,11
14,ABQ-BUR,ABQ,BUR,4
15,ABQ-BWI,ABQ,BWI,2
16,ABQ-DAL,ABQ,DAL,24
17,ABQ-DEN,ABQ,DEN,44
18,ABQ-DFW,ABQ,DFW,30
19,ABQ-HOU,ABQ,HOU,7
20,ABQ-IAH,ABQ,IAH,11
21,ABQ-LAS,ABQ,LAS,33
22,ABQ-LAX,ABQ,LAX,34
23,ABQ-LGB,ABQ,LGB,5
24,ABQ-MCI,ABQ,MCI,5
25,ABQ-MCO,ABQ,MCO,1
26,ABQ-MDW,ABQ,MDW,4
27,ABQ-OAK,ABQ,OAK,7
28,ABQ-ORD,ABQ,ORD,9
29,ABQ-PHX,ABQ,PHX,41
30,ABQ-SAN,ABQ,SAN,8
31,ABQ-SEA,ABQ,SEA,5
32,ABQ-SFO,ABQ,SFO,9
33,ABQ-SLC,ABQ,SLC,17
34,ABR-MSP,ABR,MSP,11
35,ABY-ATL,ABY,ATL,15
36,ACT-DFW,ACT,DFW,16
37,ACV-DEN,ACV,DEN,4
38,ACV-LAX,ACV,LAX,6
39,ACV-SFO,ACV,SFO,22
40,ACY-FLL,ACY,FLL,6
41,ACY-MCO,ACY,MCO,10
42,ACY-PBI,ACY,PBI,3
43,ACY-RSW,ACY,RSW,5
44,ACY-TPA,ACY,TPA,8
45,ADK-ANC,ADK,ANC,2
46,ADQ-ANC,ADQ,ANC,8
47,AEX-ATL,AEX,ATL,10
48,AEX-DFW,AEX,DFW,18
49,AGS-ATL,AGS,ATL,34
50,AGS-CLT,AGS,CLT,3
51,AGS-DCA,AGS,DCA,3
52,AGS-DFW,AGS,DFW,7
53,ALB-ATL,ALB,ATL,13
54,ALB-BNA,ALB,BNA,1
55,ALB-BWI,ALB,BWI,27
56,ALB-CLT,ALB,CLT,23
57,ALB-DCA,ALB,DCA,17
58,ALB-DFW,ALB,DFW,7
59,ALB-DTW,ALB,DTW,17
60,ALB-FLL,ALB,FLL,1
61,ALB-LGA,ALB,LGA,17
62,ALB-MCO,ALB,MCO,18
63,ALB-MDW,ALB,MDW,10
64,ALB-MIA,ALB,MIA,2
65,ALB-ORD,ALB,ORD,15
66,ALB-PGD,ALB,PGD,3
67,ALB-PIE,ALB,PIE,3
68,ALB-SFB,ALB,SFB,1
69,ALB-TPA,ALB,TPA,3
70,ALW-SEA,ALW,SEA,18
71,AMA-AUS,AMA,AUS,5
72,AMA-DAL,AMA,DAL,26
73,AMA-DEN,AMA,DEN,5
74,AMA-DFW,AMA,DFW,31
75,AMA-HOU,AMA,HOU,1
76,AMA-LAS,AMA,LAS,9
77,ANC-ADQ,ANC,ADQ,7
78,ANC-BET,ANC,BET,8
79,ANC-BRW,ANC,BRW,5
80,ANC-CDV,ANC,CDV,10
81,ANC-DEN,ANC,DEN,3
82,ANC-DFW,ANC,DFW,1
83,ANC-FAI,ANC,FAI,5
84,ANC-HNL,ANC,HNL,7
85,ANC-JNU,ANC,JNU,22
86,ANC-KOA,ANC,KOA,5
87,ANC-LAX,ANC,LAX,7
88,ANC-MSP,ANC,MSP,4
89,ANC-OME,ANC,OME,9
90,ANC-ORD,ANC,ORD,1
91,ANC-PDX,ANC,PDX,4
92,ANC-PHX,ANC,PHX,4
93,ANC-SCC,ANC,SCC,8
94,ANC-SEA,ANC,SEA,98
95,APN-DTW,APN,DTW,13
96,ASE-ATL,ASE,ATL,10
97,ASE-AUS,ASE,AUS,4
98,ASE-DEN,ASE,DEN,45
99,ASE-DFW,ASE,DFW,20
100,ASE-IAH,ASE,IAH,15
101,ASE-LAX,ASE,LAX,26
102,ASE-ORD,ASE,ORD,23
103,ASE-PHX,ASE,PHX,4
104,ASE-SFO,ASE,SFO,11
105,ATL-ABE,ATL,ABE,6
106,ATL-ABQ,ATL,ABQ,11
107,ATL-ABY,ATL,ABY,13
108,ATL-AEX,ATL,AEX,10
109,ATL-AGS,ATL,AGS,31
110,ATL-ALB,ATL,ALB,14
111,ATL-ASE,ATL,ASE,9
112,ATL-ATW,ATL,ATW,2
113,ATL-AUS,ATL,AUS,51
114,ATL-AVL,ATL,AVL,37
115,ATL-BDL,ATL,BDL,27
116,ATL-BHM,ATL,BHM,38
117,ATL-BMI,ATL,BMI,7
118,ATL-BNA,ATL,BNA,51
119,ATL-BOI,ATL,BOI,4
120,ATL-BOS,ATL,BOS,56
121,ATL-BQK,ATL,BQK,13
122,ATL-BTR,ATL,BTR,18
123,ATL-BTV,ATL,BTV,5
124,ATL-BUF,ATL,BUF,18
125,ATL-BWI,ATL,BWI,76
126,ATL-BZN,ATL,BZN,5
127,ATL-CAE,ATL,CAE,31
128,ATL-CHA,ATL,CHA,41
129,ATL-CHO,ATL,CHO,20
130,ATL-CHS,ATL,CHS,50
131,ATL-CID,ATL,CID,4
132,ATL-CLE,ATL,CLE,37
133,ATL-CLT,ATL,CLT,70
134,ATL-CMH,ATL,CMH,41
135,ATL-COS,ATL,COS,5
136,ATL-CRW,ATL,CRW,19
137,ATL-CSG,ATL,CSG,16
138,ATL-CVG,ATL,CVG,30
139,ATL-DAB,ATL,DAB,20
140,ATL-DAL,ATL,DAL,49
141,ATL-DAY,ATL,DAY,21
142,ATL-DCA,ATL,DCA,98
143,ATL-DEN,ATL,DEN,77
144,ATL-DFW,ATL,DFW,78
145,ATL-DHN,ATL,DHN,9
146,ATL-DSM,ATL,DSM,13
147,ATL-DTW,ATL,DTW,81
148,ATL-ECP,ATL,ECP,34
149,ATL-EGE,ATL,EGE,18
150,ATL-ELP,ATL,ELP,12
151,ATL-EVV,ATL,EVV,13
152,ATL-EWR,ATL,EWR,90
153,ATL-EYW,ATL,EYW,21
154,ATL-FAY,ATL,FAY,11
155,ATL-FLL,ATL,FLL,147
156,ATL-FSD,ATL,FSD,10
157,ATL-FWA,ATL,FWA,19
158,ATL-GEG,ATL,GEG,4
159,ATL-GNV,ATL,GNV,26
160,ATL-GPT,ATL,GPT,20
161,ATL-GRB,ATL,GRB,7
162,ATL-GRR,ATL,GRR,18
163,ATL-GSO,ATL,GSO,37
164,ATL-GSP,ATL,GSP,60
165,ATL-GTR,ATL,GTR,7
166,ATL-HDN,ATL,HDN,5
167,ATL-HNL,ATL,HNL,3
168,ATL-HOU,ATL,HOU,42
169,ATL-HPN,ATL,HPN,26
170,ATL-HSV,ATL,HSV,23
171,ATL-IAD,ATL,IAD,38
172,ATL-IAH,ATL,IAH,61
173,ATL-ICT,ATL,ICT,14
174,ATL-ILM,ATL,ILM,17
175,ATL-IND,ATL,IND,51
176,ATL-JAC,ATL,JAC,3
177,ATL-JAN,ATL,JAN,34
178,ATL-JAX,ATL,JAX,64
179,ATL-JFK,ATL,JFK,48
180,ATL-LAS,ATL,LAS,71
181,ATL-LAX,ATL,LAX,61
182,ATL-LEX,ATL,LEX,27
183,ATL-LFT,ATL,LFT,14
184,ATL-LGA,ATL,LGA,120
185,ATL-LIT,ATL,LIT,31
186,ATL-MCI,ATL,MCI,46
187,ATL-MCO,ATL,MCO,152
188,ATL-MDT,ATL,MDT,10
189,ATL-MDW,ATL,MDW,61
190,ATL-MEM,ATL,MEM,50
191,ATL-MGM,ATL,MGM,23
192,ATL-MIA,ATL,MIA,112
193,ATL-MKE,ATL,MKE,38
194,ATL-MLB,ATL,MLB,22
195,ATL-MLI,ATL,MLI,13
196,ATL-MLU,ATL,MLU,6
197,ATL-MOB,ATL,MOB,18
198,ATL-MSN,ATL,MSN,7
199,ATL-MSP,ATL,MSP,53
200,ATL-MSY,ATL,MSY,63
201,ATL-MTJ,ATL,MTJ,2
202,ATL-MYR,ATL,MYR,20
203,ATL-OAJ,ATL,OAJ,14
204,ATL-OKC,ATL,OKC,30
205,ATL-OMA,ATL,OMA,38
206,ATL-ONT,ATL,ONT,11
207,ATL-ORD,ATL,ORD,78
208,ATL-ORF,ATL,ORF,31
209,ATL-PBI,ATL,PBI,60
210,ATL-PDX,ATL,PDX,13
211,ATL-PHL,ATL,PHL,94
212,ATL-PHX,ATL,PHX,53
213,ATL-PIT,ATL,PIT,40
214,ATL-PNS,ATL,PNS,36
215,ATL-PSP,ATL,PSP,6
216,ATL-PVD,ATL,PVD,13
217,ATL-PWM,ATL,PWM,5
218,ATL-RDU,ATL,RDU,59
219,ATL-RIC,ATL,RIC,55
220,ATL-ROA,ATL,ROA,16
221,ATL-ROC,ATL,ROC,16
222,ATL-RSW,ATL,RSW,59
223,ATL-SAN,ATL,SAN,16
224,ATL-SAT,ATL,SAT,42
225,ATL-SAV,ATL,SAV,40
226,ATL-SBN,ATL,SBN,18
227,ATL-SDF,ATL,SDF,32
228,ATL-SEA,ATL,SEA,38
229,ATL-SFO,ATL,SFO,43
230,ATL-SGF,ATL,SGF,19
231,ATL-SHV,ATL,SHV,14
232,ATL-SJC,ATL,SJC,9
233,ATL-SJU,ATL,SJU,41
234,ATL-SLC,ATL,SLC,52
235,ATL-SMF,ATL,SMF,6
236,ATL-SNA,ATL,SNA,10
237,ATL-SRQ,ATL,SRQ,46
238,ATL-STL,ATL,STL,47
239,ATL-STT,ATL,STT,15
240,ATL-STX,ATL,STX,3
241,ATL-SYR,ATL,SYR,17
242,ATL-TLH,ATL,TLH,29
243,ATL-TPA,ATL,TPA,104
244,ATL-TRI,ATL,TRI,21
245,ATL-TTN,ATL,TTN,1
246,ATL-TUL,ATL,TUL,24
247,ATL-TUS,ATL,TUS,17
248,ATL-TYS,ATL,TYS,32
249,ATL-VLD,ATL,VLD,8
250,ATL-VPS,ATL,VPS,25
251,ATL-XNA,ATL,XNA,14
252,ATW-ATL,ATW,ATL,9
253,ATW-AZA,ATW,AZA,6
254,ATW-BNA,ATW,BNA,2
255,ATW-CLT,ATW,CLT,1
256,ATW-DEN,ATW,DEN,2
257,ATW-DTW,ATW,DTW,12
258,ATW-LAS,ATW,LAS,2
259,ATW-MSP,ATW,MSP,8
260,ATW-ORD,ATW,ORD,27
261,ATW-PGD,ATW,PGD,4
262,ATW-PIE,ATW,PIE,1
263,ATW-SFB,ATW,SFB,1
264,ATW-SRQ,ATW,SRQ,1
265,AUS-ABQ,AUS,ABQ,16
266,AUS-AMA,AUS,AMA,3
267,AUS-ASE,AUS,ASE,5
268,AUS-ATL,AUS,ATL,57
269,AUS-AVL,AUS,AVL,1
270,AUS-BNA,AUS,BNA,22
271,AUS-BOS,AUS,BOS,20
272,AUS-BUR,AUS,BUR,3
273,AUS-BWI,AUS,BWI,20
274,AUS-CLT,AUS,CLT,26
275,AUS-CMH,AUS,CMH,4
276,AUS-CVG,AUS,CVG,6
277,AUS-DAL,AUS,DAL,48
278,AUS-DCA,AUS,DCA,3
279,AUS-DEN,AUS,DEN,72
280,AUS-DFW,AUS,DFW,69
281,AUS-DSM,AUS,DSM,1
282,AUS-DTW,AUS,DTW,15
283,AUS-EGE,AUS,EGE,2
284,AUS-ELP,AUS,ELP,23
285,AUS-EWR,AUS,EWR,26
286,AUS-FLL,AUS,FLL,25
287,AUS-GRR,AUS,GRR,1
288,AUS-HNL,AUS,HNL,4
289,AUS-HOU,AUS,HOU,31
290,AUS-HRL,AUS,HRL,11
291,AUS-IAD,AUS,IAD,21
292,AUS-IAH,AUS,IAH,27
293,AUS-IND,AUS,IND,12
294,AUS-JAX,AUS,JAX,1
295,AUS-JFK,AUS,JFK,44
296,AUS-LAS,AUS,LAS,41
297,AUS-LAX,AUS,LAX,46
298,AUS-LBB,AUS,LBB,2
299,AUS-LGB,AUS,LGB,9
300,AUS-MAF,AUS,MAF,1
301,AUS-MCI,AUS,MCI,10
302,AUS-MCO,AUS,MCO,54
303,AUS-MDW,AUS,MDW,19
304,AUS-MEM,AUS,MEM,2
305,AUS-MIA,AUS,MIA,29
306,AUS-MSP,AUS,MSP,22
307,AUS-MSY,AUS,MSY,24
308,AUS-OAK,AUS,OAK,3
309,AUS-OKC,AUS,OKC,12
310,AUS-OMA,AUS,OMA,1
311,AUS-ONT,AUS,ONT,7
312,AUS-ORD,AUS,ORD,41
313,AUS-PDX,AUS,PDX,7
314,AUS-PHL,AUS,PHL,17
315,AUS-PHX,AUS,PHX,52
316,AUS-PIT,AUS,PIT,7
317,AUS-PSP,AUS,PSP,2
318,AUS-RDU,AUS,RDU,15
319,AUS-RNO,AUS,RNO,1
320,AUS-RSW,AUS,RSW,7
321,AUS-SAN,AUS,SAN,31
322,AUS-SEA,AUS,SEA,28
323,AUS-SFO,AUS,SFO,24
324,AUS-SJC,AUS,SJC,29
325,AUS-SLC,AUS,SLC,26
326,AUS-SMF,AUS,SMF,12
327,AUS-SNA,AUS,SNA,15
328,AUS-STL,AUS,STL,9
329,AUS-TPA,AUS,TPA,23
330,AUS-TUL,AUS,TUL,3
331,AUS-TYS,AUS,TYS,3
332,AVL-ATL,AVL,ATL,33
333,AVL-AUS,AVL,AUS,2
334,AVL-BOS,AVL,BOS,1
335,AVL-CLT,AVL,CLT,38
336,AVL-DCA,AVL,DCA,9
337,AVL-DEN,AVL,DEN,13
338,AVL-DFW,AVL,DFW,7
339,AVL-EWR,AVL,EWR,5
340,AVL-FLL,AVL,FLL,4
341,AVL-LAS,AVL,LAS,3
342,AVL-LGA,AVL,LGA,12
343,AVL-MDW,AVL,MDW,1
344,AVL-ORD,AVL,ORD,10
345,AVL-PBI,AVL,PBI,5
346,AVL-PGD,AVL,PGD,2
347,AVL-PHX,AVL,PHX,1
348,AVL-PIE,AVL,PIE,8
349,AVL-SFB,AVL,SFB,7
350,AVP-CLT,AVP,CLT,21
351,AVP-ORD,AVP,ORD,4
352,AZA-ATW,AZA,ATW,5
353,AZA-BIL,AZA,BIL,4
354,AZA-BIS,AZA,BIS,3
355,AZA-BLI,AZA,BLI,2
356,AZA-BOI,AZA,BOI,1
357,AZA-CID,AZA,CID,3
358,AZA-DSM,AZA,DSM,1
359,AZA-EUG,AZA,EUG,2
360,AZA-FAR,AZA,FAR,7
361,AZA-FCA,AZA,FCA,1
362,AZA-FNT,AZA,FNT,2
363,AZA-FSD,AZA,FSD,9
364,AZA-FWA,AZA,FWA,1
365,AZA-GEG,AZA,GEG,4
366,AZA-GFK,AZA,GFK,4
367,AZA-GRI,AZA,GRI,3
368,AZA-GRR,AZA,GRR,2
369,AZA-GTF,AZA,GTF,2
370,AZA-HOU,AZA,HOU,1
371,AZA-ICT,AZA,ICT,1
372,AZA-IDA,AZA,IDA,2
373,AZA-LAS,AZA,LAS,1
374,AZA-MFR,AZA,MFR,1
375,AZA-MLI,AZA,MLI,1
376,AZA-MOT,AZA,MOT,2
377,AZA-MSO,AZA,MSO,3
378,AZA-MSP,AZA,MSP,3
379,AZA-PDX,AZA,PDX,2
380,AZA-PIA,AZA,PIA,3
381,AZA-PSC,AZA,PSC,1
382,AZA-PVU,AZA,PVU,11
383,AZA-RFD,AZA,RFD,2
384,AZA-SBN,AZA,SBN,1
385,AZA-SGF,AZA,SGF,4
386,AZA-STC,AZA,STC,2
387,AZA-TOL,AZA,TOL,2
388,AZA-XNA,AZA,XNA,1
389,AZO-DTW,AZO,DTW,19
390,BDL-ATL,BDL,ATL,22
391,BDL-BNA,BDL,BNA,5
392,BDL-BWI,BDL,BWI,21
393,BDL-CLT,BDL,CLT,12
394,BDL-DCA,BDL,DCA,24
395,BDL-DEN,BDL,DEN,4
396,BDL-DFW,BDL,DFW,4
397,BDL-DTW,BDL,DTW,18
398,BDL-FLL,BDL,FLL,14
399,BDL-IAD,BDL,IAD,5
400,BDL-LGA,BDL,LGA,4
401,BDL-MCO,BDL,MCO,26
402,BDL-MDW,BDL,MDW,14
403,BDL-MIA,BDL,MIA,9
404,BDL-MSP,BDL,MSP,13
405,BDL-ORD,BDL,ORD,22
406,BDL-PBI,BDL,PBI,7
407,BDL-PHL,BDL,PHL,7
408,BDL-RSW,BDL,RSW,7
409,BDL-SJU,BDL,SJU,14
410,BDL-TPA,BDL,TPA,11
411,BET-ANC,BET,ANC,9
412,BFF-DEN,BFF,DEN,4
413,BFL-DEN,BFL,DEN,10
414,BFL-DFW,BFL,DFW,4
415,BFL-PHX,BFL,PHX,13
416,BFL-SFO,BFL,SFO,8
417,BGM-DTW,BGM,DTW,7
418,BGR-DCA,BGR,DCA,15
419,BGR-EWR,BGR,EWR,7
420,BGR-JFK,BGR,JFK,3
421,BGR-LGA,BGR,LGA,10
422,BGR-PGD,BGR,PGD,1
423,BGR-PIE,BGR,PIE,4
424,BGR-SFB,BGR,SFB,2
425,BHM-ATL,BHM,ATL,34
426,BHM-BWI,BHM,BWI,3
427,BHM-CLT,BHM,CLT,40
428,BHM-DAL,BHM,DAL,8
429,BHM-DCA,BHM,DCA,13
430,BHM-DEN,BHM,DEN,22
431,BHM-DFW,BHM,DFW,30
432,BHM-DTW,BHM,DTW,6
433,BHM-HOU,BHM,HOU,8
434,BHM-IAH,BHM,IAH,1
435,BHM-LAS,BHM,LAS,3
436,BHM-LGA,BHM,LGA,23
437,BHM-MCO,BHM,MCO,12
438,BHM-MDW,BHM,MDW,11
439,BHM-MIA,BHM,MIA,11
440,BHM-ORD,BHM,ORD,8
441,BHM-PHL,BHM,PHL,4
442,BHM-TPA,BHM,TPA,7
443,BIH-DEN,BIH,DEN,7
444,BIH-SFO,BIH,SFO,3
445,BIL-AZA,BIL,AZA,2
446,BIL-DEN,BIL,DEN,8
447,BIL-DFW,BIL,DFW,6
448,BIL-LAS,BIL,LAS,2
449,BIL-MSP,BIL,MSP,5
450,BIL-PHX,BIL,PHX,9
451,BIL-SLC,BIL,SLC,16
452,BIS-AZA,BIS,AZA,6
453,BIS-DEN,BIS,DEN,20
454,BIS-DFW,BIS,DFW,5
455,BIS-LAS,BIS,LAS,1
456,BIS-MSP,BIS,MSP,25
457,BIS-SFB,BIS,SFB,1
458,BJI-MSP,BJI,MSP,8
459,BLI-AZA,BLI,AZA,2
460,BLI-LAS,BLI,LAS,10
461,BLI-LAX,BLI,LAX,2
462,BLI-OAK,BLI,OAK,7
463,BLI-SEA,BLI,SEA,16
464,BLV-PGD,BLV,PGD,3
465,BLV-PIE,BLV,PIE,2
466,BLV-SFB,BLV,SFB,1
467,BLV-SRQ,BLV,SRQ,4
468,BLV-VPS,BLV,VPS,3
469,BMI-ATL,BMI,ATL,8
470,BMI-DFW,BMI,DFW,12
471,BMI-SFB,BMI,SFB,2
472,BNA-ABE,BNA,ABE,1
473,BNA-ALB,BNA,ALB,1
474,BNA-ATL,BNA,ATL,48
475,BNA-ATW,BNA,ATW,1
476,BNA-AUS,BNA,AUS,33
477,BNA-BDL,BNA,BDL,3
478,BNA-BOS,BNA,BOS,38
479,BNA-BUR,BNA,BUR,2
480,BNA-BWI,BNA,BWI,29
481,BNA-BZN,BNA,BZN,2
482,BNA-CAK,BNA,CAK,1
483,BNA-CHS,BNA,CHS,14
484,BNA-CID,BNA,CID,3
485,BNA-CLE,BNA,CLE,12
486,BNA-CLT,BNA,CLT,49
487,BNA-CMH,BNA,CMH,11
488,BNA-DAL,BNA,DAL,40
489,BNA-DCA,BNA,DCA,64
490,BNA-DEN,BNA,DEN,52
491,BNA-DFW,BNA,DFW,56
492,BNA-DSM,BNA,DSM,1
493,BNA-DTW,BNA,DTW,24
494,BNA-ECP,BNA,ECP,12
495,BNA-EWR,BNA,EWR,25
496,BNA-FAR,BNA,FAR,3
497,BNA-FLL,BNA,FLL,34
498,BNA-FNT,BNA,FNT,2
499,BNA-FSD,BNA,FSD,2
500,BNA-GRR,BNA,GRR,1
501,BNA-HOU,BNA,HOU,23
502,BNA-IAD,BNA,IAD,20
503,BNA-IAH,BNA,IAH,38
504,BNA-JAX,BNA,JAX,22
505,BNA-JFK,BNA,JFK,19
506,BNA-LAS,BNA,LAS,30
507,BNA-LAX,BNA,LAX,39
508,BNA-LGA,BNA,LGA,56
509,BNA-LGB,BNA,LGB,10
510,BNA-MCI,BNA,MCI,18
511,BNA-MCO,BNA,MCO,50
512,BNA-MDT,BNA,MDT,1
513,BNA-MDW,BNA,MDW,26
514,BNA-MIA,BNA,MIA,47
515,BNA-MKE,BNA,MKE,17
516,BNA-MLB,BNA,MLB,2
517,BNA-MSP,BNA,MSP,31
518,BNA-MSY,BNA,MSY,13
519,BNA-MYR,BNA,MYR,9
520,BNA-OAK,BNA,OAK,3
521,BNA-ORD,BNA,ORD,72
522,BNA-ORF,BNA,ORF,5
523,BNA-PGD,BNA,PGD,1
524,BNA-PHL,BNA,PHL,36
525,BNA-PHX,BNA,PHX,22
526,BNA-PIA,BNA,PIA,2
527,BNA-PIE,BNA,PIE,1
528,BNA-PIT,BNA,PIT,13
529,BNA-PNS,BNA,PNS,15
530,BNA-PVD,BNA,PVD,1
531,BNA-PVU,BNA,PVU,3
532,BNA-RDU,BNA,RDU,28
533,BNA-RIC,BNA,RIC,4
534,BNA-RSW,BNA,RSW,12
535,BNA-SAN,BNA,SAN,10
536,BNA-SAT,BNA,SAT,10
537,BNA-SAV,BNA,SAV,11
538,BNA-SEA,BNA,SEA,16
539,BNA-SFB,BNA,SFB,3
540,BNA-SFO,BNA,SFO,1
541,BNA-SJC,BNA,SJC,3
542,BNA-SJU,BNA,SJU,1
543,BNA-SLC,BNA,SLC,12
544,BNA-SNA,BNA,SNA,1
545,BNA-SRQ,BNA,SRQ,12
546,BNA-STL,BNA,STL,19
547,BNA-SYR,BNA,SYR,3
548,BNA-TPA,BNA,TPA,26
549,BNA-VPS,BNA,VPS,16
550,BOI-ATL,BOI,ATL,6
551,BOI-BUR,BOI,BUR,1
552,BOI-DEN,BOI,DEN,39
553,BOI-DFW,BOI,DFW,11
554,BOI-GEG,BOI,GEG,4
555,BOI-LAS,BOI,LAS,25
556,BOI-LAX,BOI,LAX,12
557,BOI-LGB,BOI,LGB,1
558,BOI-MSP,BOI,MSP,11
559,BOI-OAK,BOI,OAK,10
560,BOI-ORD,BOI,ORD,4
561,BOI-PDX,BOI,PDX,9
562,BOI-PHX,BOI,PHX,24
563,BOI-SAN,BOI,SAN,9
564,BOI-SEA,BOI,SEA,64
565,BOI-SFO,BOI,SFO,19
566,BOI-SJC,BOI,SJC,3
567,BOI-SLC,BOI,SLC,22
568,BOI-SMF,BOI,SMF,6
569,BOI-SNA,BOI,SNA,3
570,BOS-ATL,BOS,ATL,62
571,BOS-AUS,BOS,AUS,24
572,BOS-AVL,BOS,AVL,1
573,BOS-BNA,BOS,BNA,30
574,BOS-BUF,BOS,BUF,8
575,BOS-BWI,BOS,BWI,55
576,BOS-CHS,BOS,CHS,10
577,BOS-CLE,BOS,CLE,22
578,BOS-CLT,BOS,CLT,51
579,BOS-CMH,BOS,CMH,16
580,BOS-CVG,BOS,CVG,34
581,BOS-DCA,BOS,DCA,131
582,BOS-DEN,BOS,DEN,41
583,BOS-DFW,BOS,DFW,45
584,BOS-DTW,BOS,DTW,37
585,BOS-EWR,BOS,EWR,55
586,BOS-EYW,BOS,EYW,6
587,BOS-FLL,BOS,FLL,51
588,BOS-HNL,BOS,HNL,3
589,BOS-IAD,BOS,IAD,16
590,BOS-IAH,BOS,IAH,20
591,BOS-IND,BOS,IND,33
592,BOS-JAX,BOS,JAX,18
593,BOS-JFK,BOS,JFK,90
594,BOS-LAS,BOS,LAS,17
595,BOS-LAX,BOS,LAX,50
596,BOS-LGA,BOS,LGA,114
597,BOS-MCI,BOS,MCI,6
598,BOS-MCO,BOS,MCO,69
599,BOS-MDW,BOS,MDW,11
600,BOS-MEM,BOS,MEM,11
601,BOS-MIA,BOS,MIA,55
602,BOS-MKE,BOS,MKE,7
603,BOS-MSP,BOS,MSP,23
604,BOS-MSY,BOS,MSY,16
605,BOS-MYR,BOS,MYR,4
606,BOS-ORD,BOS,ORD,90
607,BOS-PBI,BOS,PBI,31
608,BOS-PDX,BOS,PDX,3
609,BOS-PHL,BOS,PHL,66
610,BOS-PHX,BOS,PHX,32
611,BOS-PIT,BOS,PIT,25
612,BOS-RDU,BOS,RDU,25
613,BOS-RIC,BOS,RIC,24
614,BOS-RSW,BOS,RSW,35
615,BOS-SAN,BOS,SAN,16
616,BOS-SAT,BOS,SAT,5
617,BOS-SAV,BOS,SAV,6
618,BOS-SDF,BOS,SDF,9
619,BOS-SEA,BOS,SEA,29
620,BOS-SFO,BOS,SFO,40
621,BOS-SJU,BOS,SJU,34
622,BOS-SLC,BOS,SLC,14
623,BOS-SRQ,BOS,SRQ,6
624,BOS-STL,BOS,STL,11
625,BOS-STT,BOS,STT,3
626,BOS-SYR,BOS,SYR,10
627,BOS-TPA,BOS,TPA,42
628,BOS-TYS,BOS,TYS,2
629,BPT-DFW,BPT,DFW,14
630,BQK-ATL,BQK,ATL,7
631,BQN-EWR,BQN,EWR,3
632,BQN-FLL,BQN,FLL,7
633,BQN-JFK,BQN,JFK,8
634,BQN-MCO,BQN,MCO,11
635,BQN-TPA,BQN,TPA,8
636,BRD-MSP,BRD,MSP,12
637,BRO-DFW,BRO,DFW,22
638,BRW-ANC,BRW,ANC,9
639,BTM-SLC,BTM,SLC,14
640,BTR-ATL,BTR,ATL,20
641,BTR-CLT,BTR,CLT,9
642,BTR-DCA,BTR,DCA,3
643,BTR-DFW,BTR,DFW,28
644,BTR-IAH,BTR,IAH,9
645,BTV-ATL,BTV,ATL,3
646,BTV-CLT,BTV,CLT,3
647,BTV-DCA,BTV,DCA,24
648,BTV-EWR,BTV,EWR,6
649,BTV-IAD,BTV,IAD,19
650,BTV-JFK,BTV,JFK,10
651,BTV-LGA,BTV,LGA,11
652,BTV-ORD,BTV,ORD,7
653,BTV-PHL,BTV,PHL,6
654,BUF-ATL,BUF,ATL,24
655,BUF-BOS,BUF,BOS,10
656,BUF-BWI,BUF,BWI,25
657,BUF-CLT,BUF,CLT,10
658,BUF-DCA,BUF,DCA,23
659,BUF-DEN,BUF,DEN,8
660,BUF-DFW,BUF,DFW,3
661,BUF-DTW,BUF,DTW,18
662,BUF-EWR,BUF,EWR,10
663,BUF-FLL,BUF,FLL,6
664,BUF-IAD,BUF,IAD,4
665,BUF-JFK,BUF,JFK,37
666,BUF-LAS,BUF,LAS,2
667,BUF-LAX,BUF,LAX,4
668,BUF-LGA,BUF,LGA,32
669,BUF-MCO,BUF,MCO,33
670,BUF-MDW,BUF,MDW,13
671,BUF-MIA,BUF,MIA,2
672,BUF-ORD,BUF,ORD,24
673,BUF-PHL,BUF,PHL,6
674,BUF-PHX,BUF,PHX,1
675,BUF-RSW,BUF,RSW,4
676,BUF-SRQ,BUF,SRQ,2
677,BUF-TPA,BUF,TPA,11
678,BUR-ABQ,BUR,ABQ,9
679,BUR-AUS,BUR,AUS,3
680,BUR-BNA,BUR,BNA,3
681,BUR-DAL,BUR,DAL,3
682,BUR-DEN,BUR,DEN,29
683,BUR-DFW,BUR,DFW,14
684,BUR-EUG,BUR,EUG,1
685,BUR-JFK,BUR,JFK,7
686,BUR-LAS,BUR,LAS,67
687,BUR-OAK,BUR,OAK,45
688,BUR-PDX,BUR,PDX,16
689,BUR-PHX,BUR,PHX,57
690,BUR-RNO,BUR,RNO,3
691,BUR-SEA,BUR,SEA,23
692,BUR-SFO,BUR,SFO,58
693,BUR-SJC,BUR,SJC,48
694,BUR-SLC,BUR,SLC,26
695,BUR-SMF,BUR,SMF,41
696,BUR-STS,BUR,STS,3
697,BWI-ABQ,BWI,ABQ,5
698,BWI-ALB,BWI,ALB,22
699,BWI-ATL,BWI,ATL,76
700,BWI-AUS,BWI,AUS,20
701,BWI-AVL,BWI,AVL,2
702,BWI-BDL,BWI,BDL,24
703,BWI-BHM,BWI,BHM,5
704,BWI-BNA,BWI,BNA,36
705,BWI-BOS,BWI,BOS,50
706,BWI-BUF,BWI,BUF,25
707,BWI-CHS,BWI,CHS,21
708,BWI-CLE,BWI,CLE,13
709,BWI-CLT,BWI,CLT,40
710,BWI-CMH,BWI,CMH,14
711,BWI-CVG,BWI,CVG,8
712,BWI-DAL,BWI,DAL,25
713,BWI-DEN,BWI,DEN,46
714,BWI-DFW,BWI,DFW,20
715,BWI-DTW,BWI,DTW,22
716,BWI-FLL,BWI,FLL,58
717,BWI-GRR,BWI,GRR,9
718,BWI-GSP,BWI,GSP,10
719,BWI-HOU,BWI,HOU,16
720,BWI-IAH,BWI,IAH,9
721,BWI-IND,BWI,IND,18
722,BWI-ISP,BWI,ISP,24
723,BWI-JAN,BWI,JAN,9
724,BWI-JAX,BWI,JAX,25
725,BWI-JFK,BWI,JFK,11
726,BWI-LAS,BWI,LAS,23
727,BWI-LAX,BWI,LAX,15
728,BWI-MCI,BWI,MCI,3
729,BWI-MCO,BWI,MCO,89
730,BWI-MDW,BWI,MDW,25
731,BWI-MEM,BWI,MEM,3
732,BWI-MHT,BWI,MHT,23
733,BWI-MIA,BWI,MIA,43
734,BWI-MKE,BWI,MKE,12
735,BWI-MSP,BWI,MSP,17
736,BWI-MSY,BWI,MSY,13
737,BWI-MYR,BWI,MYR,11
738,BWI-OAK,BWI,OAK,5
739,BWI-ORD,BWI,ORD,31
740,BWI-ORF,BWI,ORF,26
741,BWI-PBI,BWI,PBI,17
742,BWI-PHX,BWI,PHX,13
743,BWI-PIT,BWI,PIT,16
744,BWI-PVD,BWI,PVD,24
745,BWI-PWM,BWI,PWM,16
746,BWI-RDU,BWI,RDU,27
747,BWI-ROC,BWI,ROC,28
748,BWI-RSW,BWI,RSW,14
749,BWI-SAN,BWI,SAN,12
750,BWI-SAT,BWI,SAT,10
751,BWI-SAV,BWI,SAV,7
752,BWI-SDF,BWI,SDF,12
753,BWI-SEA,BWI,SEA,3
754,BWI-SFO,BWI,SFO,1
755,BWI-SJU,BWI,SJU,23
756,BWI-SLC,BWI,SLC,11
757,BWI-SRQ,BWI,SRQ,19
758,BWI-STL,BWI,STL,12
759,BWI-SYR,BWI,SYR,13
760,BWI-TPA,BWI,TPA,37
761,BZN-ATL,BZN,ATL,5
762,BZN-AZA,BZN,AZA,1
763,BZN-BNA,BZN,BNA,1
764,BZN-BOS,BZN,BOS,1
765,BZN-DEN,BZN,DEN,37
766,BZN-DFW,BZN,DFW,15
767,BZN-EWR,BZN,EWR,4
768,BZN-IAH,BZN,IAH,4
769,BZN-LAS,BZN,LAS,12
770,BZN-LAX,BZN,LAX,18
771,BZN-MSP,BZN,MSP,11
772,BZN-ORD,BZN,ORD,14
773,BZN-PDX,BZN,PDX,3
774,BZN-SAN,BZN,SAN,2
775,BZN-SEA,BZN,SEA,15
776,BZN-SFO,BZN,SFO,4
777,BZN-SLC,BZN,SLC,13
778,CAE-ATL,CAE,ATL,26
779,CAE-CLT,CAE,CLT,11
780,CAE-DCA,CAE,DCA,8
781,CAE-DFW,CAE,DFW,12
782,CAE-LGA,CAE,LGA,15
783,CAE-ORD,CAE,ORD,15
784,CAK-CLT,CAK,CLT,15
785,CAK-DCA,CAK,DCA,6
786,CAK-FLL,CAK,FLL,1
787,CAK-ORD,CAK,ORD,12
788,CAK-PGD,CAK,PGD,1
789,CAK-SAV,CAK,SAV,2
790,CAK-SFB,CAK,SFB,3
791,CAK-SRQ,CAK,SRQ,2
792,CDC-SLC,CDC,SLC,16
793,CDV-ANC,CDV,ANC,7
794,CDV-YAK,CDV,YAK,2
795,CHA-ATL,CHA,ATL,33
796,CHA-CLT,CHA,CLT,17
797,CHA-DCA,CHA,DCA,4
798,CHA-DFW,CHA,DFW,16
799,CHA-DTW,CHA,DTW,4
800,CHA-ORD,CHA,ORD,14
801,CHA-PIE,CHA,PIE,1
802,CHA-SFB,CHA,SFB,1
803,CHO-ATL,CHO,ATL,13
804,CHO-LGA,CHO,LGA,17
805,CHO-ORD,CHO,ORD,6
806,CHS-ATL,CHS,ATL,40
807,CHS-BNA,CHS,BNA,7
808,CHS-BOS,CHS,BOS,10
809,CHS-BWI,CHS,BWI,23
810,CHS-CLT,CHS,CLT,47
811,CHS-DAL,CHS,DAL,3
812,CHS-DCA,CHS,DCA,30
813,CHS-DEN,CHS,DEN,10
814,CHS-DFW,CHS,DFW,11
815,CHS-DTW,CHS,DTW,3
816,CHS-EWR,CHS,EWR,22
817,CHS-FLL,CHS,FLL,10
818,CHS-HOU,CHS,HOU,1
819,CHS-IAD,CHS,IAD,7
820,CHS-IAH,CHS,IAH,8
821,CHS-JFK,CHS,JFK,20
822,CHS-LAS,CHS,LAS,2
823,CHS-LGA,CHS,LGA,17
824,CHS-MDW,CHS,MDW,6
825,CHS-MIA,CHS,MIA,7
826,CHS-MSP,CHS,MSP,3
827,CHS-ORD,CHS,ORD,26
828,CHS-PHL,CHS,PHL,7
829,CHS-RSW,CHS,RSW,1
830,CHS-SEA,CHS,SEA,5
831,CHS-TPA,CHS,TPA,1
832,CID-ATL,CID,ATL,8
833,CID-AZA,CID,AZA,2
834,CID-BNA,CID,BNA,4
835,CID-CLT,CID,CLT,6
836,CID-DCA,CID,DCA,11
837,CID-DEN,CID,DEN,16
838,CID-DFW,CID,DFW,17
839,CID-FLL,CID,FLL,2
840,CID-LAS,CID,LAS,1
841,CID-MIA,CID,MIA,1
842,CID-MSP,CID,MSP,11
843,CID-ORD,CID,ORD,19
844,CID-PGD,CID,PGD,4
845,CID-PHX,CID,PHX,3
846,CID-PIE,CID,PIE,2
847,CID-SFB,CID,SFB,1
848,CID-SRQ,CID,SRQ,2
849,CIU-DTW,CIU,DTW,6
850,CIU-MSP,CIU,MSP,6
851,CKB-PIE,CKB,PIE,1
852,CKB-SFB,CKB,SFB,1
853,CLE-ATL,CLE,ATL,39
854,CLE-BNA,CLE,BNA,21
855,CLE-BOS,CLE,BOS,22
856,CLE-BWI,CLE,BWI,13
857,CLE-CLT,CLE,CLT,27
858,CLE-DCA,CLE,DCA,21
859,CLE-DEN,CLE,DEN,20
860,CLE-DFW,CLE,DFW,18
861,CLE-DTW,CLE,DTW,26
862,CLE-EWR,CLE,EWR,25
863,CLE-FLL,CLE,FLL,15
864,CLE-IAD,CLE,IAD,4
865,CLE-IAH,CLE,IAH,21
866,CLE-JFK,CLE,JFK,22
867,CLE-LAS,CLE,LAS,9
868,CLE-LAX,CLE,LAX,6
869,CLE-LGA,CLE,LGA,40
870,CLE-MCO,CLE,MCO,39
871,CLE-MDW,CLE,MDW,22
872,CLE-MIA,CLE,MIA,10
873,CLE-MSP,CLE,MSP,16
874,CLE-ORD,CLE,ORD,45
875,CLE-PHL,CLE,PHL,4
876,CLE-PHX,CLE,PHX,18
877,CLE-PIT,CLE,PIT,6
878,CLE-RSW,CLE,RSW,22
879,CLE-SEA,CLE,SEA,2
880,CLE-SFO,CLE,SFO,9
881,CLE-SJU,CLE,SJU,2
882,CLE-SRQ,CLE,SRQ,5
883,CLE-STL,CLE,STL,9
884,CLE-TPA,CLE,TPA,27
885,CLL-DFW,CLL,DFW,25
886,CLT-ABE,CLT,ABE,10
887,CLT-AGS,CLT,AGS,1
888,CLT-ALB,CLT,ALB,21
889,CLT-ATL,CLT,ATL,74
890,CLT-ATW,CLT,ATW,4
891,CLT-AUS,CLT,AUS,20
892,CLT-AVL,CLT,AVL,43
893,CLT-AVP,CLT,AVP,17
894,CLT-BDL,CLT,BDL,23
895,CLT-BHM,CLT,BHM,42
896,CLT-BNA,CLT,BNA,63
897,CLT-BOS,CLT,BOS,61
898,CLT-BTR,CLT,BTR,10
899,CLT-BTV,CLT,BTV,8
900,CLT-BUF,CLT,BUF,19
901,CLT-BWI,CLT,BWI,40
902,CLT-CAE,CLT,CAE,11
903,CLT-CAK,CLT,CAK,13
904,CLT-CHA,CLT,CHA,17
905,CLT-CHS,CLT,CHS,45
906,CLT-CID,CLT,CID,7
907,CLT-CLE,CLT,CLE,27
908,CLT-CMH,CLT,CMH,29
909,CLT-CRW,CLT,CRW,20
910,CLT-CVG,CLT,CVG,24
911,CLT-DAB,CLT,DAB,20
912,CLT-DAL,CLT,DAL,4
913,CLT-DAY,CLT,DAY,22
914,CLT-DCA,CLT,DCA,40
915,CLT-DEN,CLT,DEN,43
916,CLT-DFW,CLT,DFW,67
917,CLT-DSM,CLT,DSM,8
918,CLT-DTW,CLT,DTW,36
919,CLT-ECP,CLT,ECP,11
920,CLT-EWR,CLT,EWR,51
921,CLT-EYW,CLT,EYW,25
922,CLT-FAY,CLT,FAY,1
923,CLT-FLL,CLT,FLL,53
924,CLT-GNV,CLT,GNV,1
925,CLT-GPT,CLT,GPT,13
926,CLT-GRR,CLT,GRR,20
927,CLT-GSO,CLT,GSO,29
928,CLT-GSP,CLT,GSP,51
929,CLT-HHH,CLT,HHH,12
930,CLT-HOU,CLT,HOU,1
931,CLT-HPN,CLT,HPN,19
932,CLT-HSV,CLT,HSV,18
933,CLT-IAD,CLT,IAD,22
934,CLT-IAH,CLT,IAH,38
935,CLT-ILM,CLT,ILM,45
936,CLT-IND,CLT,IND,19
937,CLT-JAN,CLT,JAN,6
938,CLT-JAX,CLT,JAX,30
939,CLT-JFK,CLT,JFK,51
940,CLT-LAS,CLT,LAS,42
941,CLT-LAX,CLT,LAX,44
942,CLT-LEX,CLT,LEX,23
943,CLT-LFT,CLT,LFT,3
944,CLT-LGA,CLT,LGA,93
945,CLT-LIT,CLT,LIT,21
946,CLT-MCI,CLT,MCI,18
947,CLT-MCO,CLT,MCO,89
948,CLT-MDT,CLT,MDT,11
949,CLT-MDW,CLT,MDW,6
950,CLT-MEM,CLT,MEM,17
951,CLT-MHT,CLT,MHT,7
952,CLT-MIA,CLT,MIA,55
953,CLT-MKE,CLT,MKE,16
954,CLT-MLB,CLT,MLB,14
955,CLT-MLI,CLT,MLI,11
956,CLT-MSN,CLT,MSN,8
957,CLT-MSP,CLT,MSP,26
958,CLT-MSY,CLT,MSY,21
959,CLT-MYR,CLT,MYR,30
960,CLT-OKC,CLT,OKC,10
961,CLT-OMA,CLT,OMA,10
962,CLT-ONT,CLT,ONT,9
963,CLT-ORD,CLT,ORD,66
964,CLT-ORF,CLT,ORF,33
965,CLT-PBI,CLT,PBI,39
966,CLT-PDX,CLT,PDX,6
967,CLT-PHL,CLT,PHL,53
968,CLT-PHX,CLT,PHX,41
969,CLT-PIA,CLT,PIA,7
970,CLT-PIT,CLT,PIT,17
971,CLT-PNS,CLT,PNS,21
972,CLT-PVD,CLT,PVD,14
973,CLT-PWM,CLT,PWM,9
974,CLT-RDU,CLT,RDU,59
975,CLT-RIC,CLT,RIC,37
976,CLT-ROA,CLT,ROA,8
977,CLT-ROC,CLT,ROC,16
978,CLT-RSW,CLT,RSW,39
979,CLT-SAN,CLT,SAN,22
980,CLT-SAT,CLT,SAT,18
981,CLT-SAV,CLT,SAV,42
982,CLT-SBN,CLT,SBN,15
983,CLT-SDF,CLT,SDF,31
984,CLT-SEA,CLT,SEA,15
985,CLT-SFO,CLT,SFO,25
986,CLT-SGF,CLT,SGF,12
987,CLT-SHV,CLT,SHV,12
988,CLT-SJU,CLT,SJU,15
989,CLT-SLC,CLT,SLC,15
990,CLT-SMF,CLT,SMF,3
991,CLT-SNA,CLT,SNA,4
992,CLT-SRQ,CLT,SRQ,31
993,CLT-STL,CLT,STL,26
994,CLT-STT,CLT,STT,9
995,CLT-STX,CLT,STX,6
996,CLT-SYR,CLT,SYR,14
997,CLT-TLH,CLT,TLH,10
998,CLT-TPA,CLT,TPA,56
999,CLT-TRI,CLT,TRI,8
1000,CLT-TUL,CLT,TUL,9
1001,CLT-TYS,CLT,TYS,32
1002,CLT-VPS,CLT,VPS,24
1003,CLT-XNA,CLT,XNA,19
1004,CMH-ATL,CMH,ATL,42
1005,CMH-AUS,CMH,AUS,5
1006,CMH-BNA,CMH,BNA,14
1007,CMH-BOS,CMH,BOS,19
1008,CMH-BWI,CMH,BWI,8
1009,CMH-CLT,CMH,CLT,25
1010,CMH-DAL,CMH,DAL,6
1011,CMH-DCA,CMH,DCA,27
1012,CMH-DEN,CMH,DEN,23
1013,CMH-DFW,CMH,DFW,25
1014,CMH-DTW,CMH,DTW,18
1015,CMH-EWR,CMH,EWR,36
1016,CMH-FLL,CMH,FLL,13
1017,CMH-HOU,CMH,HOU,4
1018,CMH-IAD,CMH,IAD,12
1019,CMH-IAH,CMH,IAH,15
1020,CMH-JFK,CMH,JFK,22
1021,CMH-LAS,CMH,LAS,15
1022,CMH-LAX,CMH,LAX,9
1023,CMH-LGA,CMH,LGA,44
1024,CMH-MCO,CMH,MCO,28
1025,CMH-MDW,CMH,MDW,25
1026,CMH-MIA,CMH,MIA,8
1027,CMH-MSP,CMH,MSP,10
1028,CMH-ORD,CMH,ORD,39
1029,CMH-PHL,CMH,PHL,18
1030,CMH-PHX,CMH,PHX,14
1031,CMH-RSW,CMH,RSW,12
1032,CMH-SEA,CMH,SEA,3
1033,CMH-SFO,CMH,SFO,4
1034,CMH-SRQ,CMH,SRQ,2
1035,CMH-STL,CMH,STL,9
1036,CMH-TPA,CMH,TPA,9
1037,CMI-DFW,CMI,DFW,18
1038,CMI-ORD,CMI,ORD,9
1039,CMX-ORD,CMX,ORD,11
1040,CNY-DEN,CNY,DEN,6
1041,COS-ATL,COS,ATL,6
1042,COS-DAL,COS,DAL,15
1043,COS-DEN,COS,DEN,60
1044,COS-DFW,COS,DFW,25
1045,COS-HOU,COS,HOU,1
1046,COS-IAH,COS,IAH,10
1047,COS-LAS,COS,LAS,17
1048,COS-LGB,COS,LGB,3
1049,COS-MDW,COS,MDW,11
1050,COS-ORD,COS,ORD,5
1051,COS-PHX,COS,PHX,16
1052,COS-SAN,COS,SAN,1
1053,COS-SLC,COS,SLC,5
1054,COU-DFW,COU,DFW,23
1055,COU-ORD,COU,ORD,12
1056,CPR-DEN,CPR,DEN,9
1057,CPR-SLC,CPR,SLC,4
1058,CRP-DFW,CRP,DFW,50
1059,CRP-HOU,CRP,HOU,18
1060,CRW-ATL,CRW,ATL,11
1061,CRW-CLT,CRW,CLT,14
1062,CRW-DCA,CRW,DCA,2
1063,CRW-ORD,CRW,ORD,4
1064,CSG-ATL,CSG,ATL,18
1065,CVG-ATL,CVG,ATL,37
1066,CVG-AUS,CVG,AUS,7
1067,CVG-AZA,CVG,AZA,2
1068,CVG-BOS,CVG,BOS,25
1069,CVG-BWI,CVG,BWI,10
1070,CVG-CHS,CVG,CHS,1
1071,CVG-CLT,CVG,CLT,25
1072,CVG-DCA,CVG,DCA,24
1073,CVG-DEN,CVG,DEN,30
1074,CVG-DFW,CVG,DFW,30
1075,CVG-DTW,CVG,DTW,14
1076,CVG-EWR,CVG,EWR,36
1077,CVG-EYW,CVG,EYW,4
1078,CVG-FLL,CVG,FLL,13
1079,CVG-IAD,CVG,IAD,6
1080,CVG-IAH,CVG,IAH,6
1081,CVG-JAX,CVG,JAX,1
1082,CVG-JFK,CVG,JFK,29
1083,CVG-LAS,CVG,LAS,7
1084,CVG-LAX,CVG,LAX,5
1085,CVG-LGA,CVG,LGA,30
1086,CVG-MCO,CVG,MCO,23
1087,CVG-MDW,CVG,MDW,18
1088,CVG-MIA,CVG,MIA,24
1089,CVG-MSP,CVG,MSP,24
1090,CVG-ORD,CVG,ORD,25
1091,CVG-PBI,CVG,PBI,2
1092,CVG-PGD,CVG,PGD,3
1093,CVG-PHL,CVG,PHL,17
1094,CVG-PHX,CVG,PHX,13
1095,CVG-PIE,CVG,PIE,7
1096,CVG-RDU,CVG,RDU,14
1097,CVG-RSW,CVG,RSW,26
1098,CVG-SAV,CVG,SAV,1
1099,CVG-SEA,CVG,SEA,13
1100,CVG-SFB,CVG,SFB,4
1101,CVG-SLC,CVG,SLC,13
1102,CVG-SRQ,CVG,SRQ,1
1103,CVG-TPA,CVG,TPA,15
1104,CVG-TYS,CVG,TYS,1
1105,CVG-VPS,CVG,VPS,1
1106,CWA-MSP,CWA,MSP,9
1107,CYS-DEN,CYS,DEN,12
1108,DAB-ATL,DAB,ATL,18
1109,DAB-CLT,DAB,CLT,15
1110,DAL-ABQ,DAL,ABQ,14
1111,DAL-AMA,DAL,AMA,17
1112,DAL-ATL,DAL,ATL,49
1113,DAL-AUS,DAL,AUS,39
1114,DAL-BHM,DAL,BHM,10
1115,DAL-BNA,DAL,BNA,30
1116,DAL-BUR,DAL,BUR,10
1117,DAL-BWI,DAL,BWI,26
1118,DAL-CHS,DAL,CHS,5
1119,DAL-CLT,DAL,CLT,5
1120,DAL-CMH,DAL,CMH,4
1121,DAL-COS,DAL,COS,10
1122,DAL-DCA,DAL,DCA,27
1123,DAL-DEN,DAL,DEN,48
1124,DAL-ECP,DAL,ECP,8
1125,DAL-ELP,DAL,ELP,30
1126,DAL-FLL,DAL,FLL,12
1127,DAL-HDN,DAL,HDN,2
1128,DAL-HOU,DAL,HOU,58
1129,DAL-HRL,DAL,HRL,1
1130,DAL-IAH,DAL,IAH,31
1131,DAL-IND,DAL,IND,8
1132,DAL-LAS,DAL,LAS,44
1133,DAL-LAX,DAL,LAX,27
1134,DAL-LBB,DAL,LBB,24
1135,DAL-LGA,DAL,LGA,21
1136,DAL-LGB,DAL,LGB,9
1137,DAL-LIT,DAL,LIT,19
1138,DAL-MAF,DAL,MAF,21
1139,DAL-MCI,DAL,MCI,41
1140,DAL-MCO,DAL,MCO,42
1141,DAL-MDW,DAL,MDW,25
1142,DAL-MEM,DAL,MEM,8
1143,DAL-MIA,DAL,MIA,9
1144,DAL-MKE,DAL,MKE,3
1145,DAL-MSY,DAL,MSY,27
1146,DAL-MTJ,DAL,MTJ,5
1147,DAL-OAK,DAL,OAK,10
1148,DAL-OMA,DAL,OMA,8
1149,DAL-ONT,DAL,ONT,2
1150,DAL-ORD,DAL,ORD,20
1151,DAL-PHX,DAL,PHX,50
1152,DAL-PIT,DAL,PIT,4
1153,DAL-PNS,DAL,PNS,6
1154,DAL-PSP,DAL,PSP,4
1155,DAL-RDU,DAL,RDU,5
1156,DAL-RNO,DAL,RNO,2
1157,DAL-RSW,DAL,RSW,11
1158,DAL-SAN,DAL,SAN,23
1159,DAL-SAT,DAL,SAT,38
1160,DAL-SAV,DAL,SAV,4
1161,DAL-SDF,DAL,SDF,1
1162,DAL-SEA,DAL,SEA,9
1163,DAL-SFO,DAL,SFO,1
1164,DAL-SJC,DAL,SJC,7
1165,DAL-SLC,DAL,SLC,19
1166,DAL-SMF,DAL,SMF,6
1167,DAL-SNA,DAL,SNA,5
1168,DAL-SRQ,DAL,SRQ,8
1169,DAL-STL,DAL,STL,33
1170,DAL-TPA,DAL,TPA,20
1171,DAL-TUL,DAL,TUL,18
1172,DAL-TUS,DAL,TUS,1
1173,DAL-VPS,DAL,VPS,7
1174,DAY-ATL,DAY,ATL,11
1175,DAY-CLT,DAY,CLT,22
1176,DAY-DCA,DAY,DCA,15
1177,DAY-DEN,DAY,DEN,7
1178,DAY-DFW,DAY,DFW,18
1179,DAY-LGA,DAY,LGA,5
1180,DAY-ORD,DAY,ORD,14
1181,DAY-PGD,DAY,PGD,2
1182,DAY-PIE,DAY,PIE,2
1183,DCA-AGS,DCA,AGS,7
1184,DCA-ALB,DCA,ALB,17
1185,DCA-ATL,DCA,ATL,98
1186,DCA-AUS,DCA,AUS,4
1187,DCA-AVL,DCA,AVL,7
1188,DCA-BDL,DCA,BDL,23
1189,DCA-BGR,DCA,BGR,20
1190,DCA-BHM,DCA,BHM,12
1191,DCA-BNA,DCA,BNA,69
1192,DCA-BOS,DCA,BOS,123
1193,DCA-BTR,DCA,BTR,6
1194,DCA-BTV,DCA,BTV,22
1195,DCA-BUF,DCA,BUF,15
1196,DCA-CAE,DCA,CAE,17
1197,DCA-CAK,DCA,CAK,8
1198,DCA-CHA,DCA,CHA,3
1199,DCA-CHS,DCA,CHS,20
1200,DCA-CID,DCA,CID,8
1201,DCA-CLE,DCA,CLE,16
1202,DCA-CLT,DCA,CLT,49
1203,DCA-CMH,DCA,CMH,28
1204,DCA-CRW,DCA,CRW,7
1205,DCA-CVG,DCA,CVG,25
1206,DCA-DAL,DCA,DAL,35
1207,DCA-DAY,DCA,DAY,16
1208,DCA-DEN,DCA,DEN,15
1209,DCA-DFW,DCA,DFW,65
1210,DCA-DSM,DCA,DSM,12
1211,DCA-DTW,DCA,DTW,34
1212,DCA-EWR,DCA,EWR,4
1213,DCA-EYW,DCA,EYW,20
1214,DCA-FLL,DCA,FLL,42
1215,DCA-GRR,DCA,GRR,13
1216,DCA-GSO,DCA,GSO,15
1217,DCA-GSP,DCA,GSP,19
1218,DCA-HOU,DCA,HOU,13
1219,DCA-HPN,DCA,HPN,18
1220,DCA-HSV,DCA,HSV,24
1221,DCA-IAH,DCA,IAH,35
1222,DCA-ICT,DCA,ICT,3
1223,DCA-ILM,DCA,ILM,12
1224,DCA-IND,DCA,IND,29
1225,DCA-JAN,DCA,JAN,3
1226,DCA-JAX,DCA,JAX,21
1227,DCA-JFK,DCA,JFK,32
1228,DCA-LAN,DCA,LAN,3
1229,DCA-LAS,DCA,LAS,7
1230,DCA-LAX,DCA,LAX,23
1231,DCA-LEX,DCA,LEX,6
1232,DCA-LGA,DCA,LGA,63
1233,DCA-LIT,DCA,LIT,5
1234,DCA-MCI,DCA,MCI,35
1235,DCA-MCO,DCA,MCO,86
1236,DCA-MDW,DCA,MDW,34
1237,DCA-MEM,DCA,MEM,10
1238,DCA-MGM,DCA,MGM,6
1239,DCA-MHT,DCA,MHT,16
1240,DCA-MIA,DCA,MIA,59
1241,DCA-MKE,DCA,MKE,26
1242,DCA-MSN,DCA,MSN,16
1243,DCA-MSP,DCA,MSP,28
1244,DCA-MSY,DCA,MSY,32
1245,DCA-MYR,DCA,MYR,8
1246,DCA-OKC,DCA,OKC,11
1247,DCA-OMA,DCA,OMA,11
1248,DCA-ORD,DCA,ORD,94
1249,DCA-ORF,DCA,ORF,17
1250,DCA-PBI,DCA,PBI,25
1251,DCA-PDX,DCA,PDX,9
1252,DCA-PHL,DCA,PHL,12
1253,DCA-PHX,DCA,PHX,14
1254,DCA-PIT,DCA,PIT,22
1255,DCA-PNS,DCA,PNS,9
1256,DCA-PVD,DCA,PVD,35
1257,DCA-PWM,DCA,PWM,19
1258,DCA-RDU,DCA,RDU,44
1259,DCA-ROC,DCA,ROC,11
1260,DCA-RSW,DCA,RSW,16
1261,DCA-SAV,DCA,SAV,11
1262,DCA-SDF,DCA,SDF,17
1263,DCA-SEA,DCA,SEA,6
1264,DCA-SFO,DCA,SFO,15
1265,DCA-SJU,DCA,SJU,4
1266,DCA-SLC,DCA,SLC,6
1267,DCA-SRQ,DCA,SRQ,9
1268,DCA-STL,DCA,STL,38
1269,DCA-SYR,DCA,SYR,10
1270,DCA-TLH,DCA,TLH,7
1271,DCA-TPA,DCA,TPA,25
1272,DCA-TUL,DCA,TUL,3
1273,DCA-TYS,DCA,TYS,20
1274,DCA-VPS,DCA,VPS,8
1275,DCA-XNA,DCA,XNA,7
1276,DDC-DEN,DDC,DEN,10
1277,DDC-LBL,DDC,LBL,2
1278,DEC-JLN,DEC,JLN,6
1279,DEC-ORD,DEC,ORD,18
1280,DEN-ABE,DEN,ABE,1
1281,DEN-ABQ,DEN,ABQ,38
1282,DEN-ACV,DEN,ACV,8
1283,DEN-AMA,DEN,AMA,6
1284,DEN-ANC,DEN,ANC,3
1285,DEN-ASE,DEN,ASE,51
1286,DEN-ATL,DEN,ATL,91
1287,DEN-ATW,DEN,ATW,3
1288,DEN-AUS,DEN,AUS,72
1289,DEN-AVL,DEN,AVL,7
1290,DEN-BDL,DEN,BDL,7
1291,DEN-BFF,DEN,BFF,4
1292,DEN-BFL,DEN,BFL,5
1293,DEN-BHM,DEN,BHM,15
1294,DEN-BIH,DEN,BIH,1
1295,DEN-BIL,DEN,BIL,15
1296,DEN-BIS,DEN,BIS,16
1297,DEN-BLI,DEN,BLI,1
1298,DEN-BNA,DEN,BNA,65
1299,DEN-BOI,DEN,BOI,35
1300,DEN-BOS,DEN,BOS,52
1301,DEN-BUF,DEN,BUF,4
1302,DEN-BUR,DEN,BUR,27
1303,DEN-BWI,DEN,BWI,42
1304,DEN-BZN,DEN,BZN,37
1305,DEN-CHS,DEN,CHS,16
1306,DEN-CID,DEN,CID,18
1307,DEN-CLE,DEN,CLE,32
1308,DEN-CLT,DEN,CLT,46
1309,DEN-CMH,DEN,CMH,29
1310,DEN-CNY,DEN,CNY,7
1311,DEN-COS,DEN,COS,72
1312,DEN-CPR,DEN,CPR,6
1313,DEN-CVG,DEN,CVG,33
1314,DEN-CYS,DEN,CYS,11
1315,DEN-DAL,DEN,DAL,55
1316,DEN-DAY,DEN,DAY,6
1317,DEN-DCA,DEN,DCA,29
1318,DEN-DDC,DEN,DDC,7
1319,DEN-DFW,DEN,DFW,79
1320,DEN-DIK,DEN,DIK,6
1321,DEN-DRO,DEN,DRO,20
1322,DEN-DSM,DEN,DSM,34
1323,DEN-DTW,DEN,DTW,45
1324,DEN-DVL,DEN,DVL,4
1325,DEN-EGE,DEN,EGE,22
1326,DEN-ELP,DEN,ELP,18
1327,DEN-EUG,DEN,EUG,14
1328,DEN-EWR,DEN,EWR,42
1329,DEN-FAR,DEN,FAR,17
1330,DEN-FAT,DEN,FAT,19
1331,DEN-FCA,DEN,FCA,15
1332,DEN-FLL,DEN,FLL,36
1333,DEN-FSD,DEN,FSD,27
1334,DEN-GCC,DEN,GCC,4
1335,DEN-GEG,DEN,GEG,24
1336,DEN-GJT,DEN,GJT,28
1337,DEN-GRR,DEN,GRR,15
1338,DEN-GSO,DEN,GSO,10
1339,DEN-GSP,DEN,GSP,8
1340,DEN-GTF,DEN,GTF,13
1341,DEN-GUC,DEN,GUC,11
1342,DEN-HDN,DEN,HDN,29
1343,DEN-HLN,DEN,HLN,11
1344,DEN-HNL,DEN,HNL,8
1345,DEN-HOU,DEN,HOU,46
1346,DEN-HSV,DEN,HSV,9
1347,DEN-IAD,DEN,IAD,30
1348,DEN-IAH,DEN,IAH,85
1349,DEN-ICT,DEN,ICT,20
1350,DEN-IDA,DEN,IDA,7
1351,DEN-IND,DEN,IND,39
1352,DEN-JAC,DEN,JAC,21
1353,DEN-JAX,DEN,JAX,15
1354,DEN-JFK,DEN,JFK,19
1355,DEN-JLN,DEN,JLN,4
1356,DEN-JMS,DEN,JMS,3
1357,DEN-KOA,DEN,KOA,4
1358,DEN-LAR,DEN,LAR,7
1359,DEN-LAS,DEN,LAS,111
1360,DEN-LAX,DEN,LAX,102
1361,DEN-LBB,DEN,LBB,10
1362,DEN-LBF,DEN,LBF,12
1363,DEN-LBL,DEN,LBL,1
1364,DEN-LEX,DEN,LEX,5
1365,DEN-LGA,DEN,LGA,67
1366,DEN-LGB,DEN,LGB,18
1367,DEN-LIH,DEN,LIH,3
1368,DEN-LIT,DEN,LIT,9
1369,DEN-LWS,DEN,LWS,6
1370,DEN-MAF,DEN,MAF,22
1371,DEN-MCI,DEN,MCI,66
1372,DEN-MCO,DEN,MCO,70
1373,DEN-MDW,DEN,MDW,54
1374,DEN-MEM,DEN,MEM,16
1375,DEN-MFR,DEN,MFR,8
1376,DEN-MIA,DEN,MIA,37
1377,DEN-MKE,DEN,MKE,39
1378,DEN-MLI,DEN,MLI,5
1379,DEN-MOT,DEN,MOT,11
1380,DEN-MRY,DEN,MRY,5
1381,DEN-MSN,DEN,MSN,21
1382,DEN-MSO,DEN,MSO,10
1383,DEN-MSP,DEN,MSP,94
1384,DEN-MSY,DEN,MSY,45
1385,DEN-MTJ,DEN,MTJ,37
1386,DEN-OAK,DEN,OAK,30
1387,DEN-OGG,DEN,OGG,4
1388,DEN-OKC,DEN,OKC,36
1389,DEN-OMA,DEN,OMA,54
1390,DEN-ONT,DEN,ONT,46
1391,DEN-ORD,DEN,ORD,104
1392,DEN-ORF,DEN,ORF,11
1393,DEN-PDX,DEN,PDX,42
1394,DEN-PHL,DEN,PHL,37
1395,DEN-PHX,DEN,PHX,133
1396,DEN-PIA,DEN,PIA,2
1397,DEN-PIT,DEN,PIT,21
1398,DEN-PNS,DEN,PNS,1
1399,DEN-PRC,DEN,PRC,2
1400,DEN-PSC,DEN,PSC,18
1401,DEN-PSP,DEN,PSP,27
1402,DEN-RAP,DEN,RAP,17
1403,DEN-RDM,DEN,RDM,12
1404,DEN-RDU,DEN,RDU,26
1405,DEN-RIC,DEN,RIC,8
1406,DEN-RIW,DEN,RIW,5
1407,DEN-RKS,DEN,RKS,3
1408,DEN-RNO,DEN,RNO,45
1409,DEN-RSW,DEN,RSW,16
1410,DEN-SAN,DEN,SAN,87
1411,DEN-SAT,DEN,SAT,44
1412,DEN-SAV,DEN,SAV,2
1413,DEN-SBA,DEN,SBA,26
1414,DEN-SBP,DEN,SBP,16
1415,DEN-SDF,DEN,SDF,16
1416,DEN-SEA,DEN,SEA,86
1417,DEN-SFO,DEN,SFO,54
1418,DEN-SGF,DEN,SGF,6
1419,DEN-SGU,DEN,SGU,11
1420,DEN-SHR,DEN,SHR,9
1421,DEN-SJC,DEN,SJC,39
1422,DEN-SJU,DEN,SJU,5
1423,DEN-SLC,DEN,SLC,116
1424,DEN-SLN,DEN,SLN,4
1425,DEN-SMF,DEN,SMF,49
1426,DEN-SNA,DEN,SNA,64
1427,DEN-SRQ,DEN,SRQ,3
1428,DEN-STL,DEN,STL,51
1429,DEN-SUN,DEN,SUN,13
1430,DEN-SUX,DEN,SUX,4
1431,DEN-SYR,DEN,SYR,7
1432,DEN-TPA,DEN,TPA,44
1433,DEN-TUL,DEN,TUL,18
1434,DEN-TUS,DEN,TUS,37
1435,DEN-TYS,DEN,TYS,16
1436,DEN-VEL,DEN,VEL,5
1437,DEN-XNA,DEN,XNA,21
1438,DEN-XWA,DEN,XWA,11
1439,DFW-ABI,DFW,ABI,23
1440,DFW-ABQ,DFW,ABQ,30
1441,DFW-ACT,DFW,ACT,28
1442,DFW-AEX,DFW,AEX,17
1443,DFW-AGS,DFW,AGS,10
1444,DFW-ALB,DFW,ALB,5
1445,DFW-AMA,DFW,AMA,32
1446,DFW-ANC,DFW,ANC,1
1447,DFW-ASE,DFW,ASE,23
1448,DFW-ATL,DFW,ATL,86
1449,DFW-AUS,DFW,AUS,81
1450,DFW-AVL,DFW,AVL,7
1451,DFW-BDL,DFW,BDL,3
1452,DFW-BFL,DFW,BFL,5
1453,DFW-BHM,DFW,BHM,23
1454,DFW-BIL,DFW,BIL,6
1455,DFW-BIS,DFW,BIS,4
1456,DFW-BMI,DFW,BMI,18
1457,DFW-BNA,DFW,BNA,61
1458,DFW-BOI,DFW,BOI,11
1459,DFW-BOS,DFW,BOS,55
1460,DFW-BPT,DFW,BPT,11
1461,DFW-BRO,DFW,BRO,19
1462,DFW-BTR,DFW,BTR,23
1463,DFW-BUF,DFW,BUF,2
1464,DFW-BUR,DFW,BUR,9
1465,DFW-BWI,DFW,BWI,15
1466,DFW-BZN,DFW,BZN,11
1467,DFW-CAE,DFW,CAE,14
1468,DFW-CHA,DFW,CHA,18
1469,DFW-CHS,DFW,CHS,13
1470,DFW-CID,DFW,CID,12
1471,DFW-CLE,DFW,CLE,17
1472,DFW-CLL,DFW,CLL,11
1473,DFW-CLT,DFW,CLT,52
1474,DFW-CMH,DFW,CMH,29
1475,DFW-CMI,DFW,CMI,9
1476,DFW-COS,DFW,COS,27
1477,DFW-COU,DFW,COU,19
1478,DFW-CRP,DFW,CRP,37
1479,DFW-CVG,DFW,CVG,29
1480,DFW-DAY,DFW,DAY,14
1481,DFW-DCA,DFW,DCA,52
1482,DFW-DEN,DFW,DEN,95
1483,DFW-DRO,DFW,DRO,13
1484,DFW-DSM,DFW,DSM,21
1485,DFW-DTW,DFW,DTW,45
1486,DFW-ECP,DFW,ECP,15
1487,DFW-EGE,DFW,EGE,22
1488,DFW-ELP,DFW,ELP,44
1489,DFW-EUG,DFW,EUG,7
1490,DFW-EVV,DFW,EVV,12
1491,DFW-EWR,DFW,EWR,60
1492,DFW-EYW,DFW,EYW,11
1493,DFW-FAR,DFW,FAR,14
1494,DFW-FAT,DFW,FAT,16
1495,DFW-FAY,DFW,FAY,9
1496,DFW-FLG,DFW,FLG,5
1497,DFW-FLL,DFW,FLL,47
1498,DFW-FSD,DFW,FSD,7
1499,DFW-FSM,DFW,FSM,21
1500,DFW-FWA,DFW,FWA,10
1501,DFW-GCK,DFW,GCK,12
1502,DFW-GEG,DFW,GEG,10
1503,DFW-GGG,DFW,GGG,9
1504,DFW-GJT,DFW,GJT,8
1505,DFW-GNV,DFW,GNV,7
1506,DFW-GPT,DFW,GPT,19
1507,DFW-GRI,DFW,GRI,12
1508,DFW-GRK,DFW,GRK,25
1509,DFW-GRR,DFW,GRR,13
1510,DFW-GSO,DFW,GSO,9
1511,DFW-GSP,DFW,GSP,18
1512,DFW-GUC,DFW,GUC,3
1513,DFW-HDN,DFW,HDN,9
1514,DFW-HNL,DFW,HNL,10
1515,DFW-HOU,DFW,HOU,31
1516,DFW-HRL,DFW,HRL,22
1517,DFW-HSV,DFW,HSV,25
1518,DFW-IAD,DFW,IAD,21
1519,DFW-IAH,DFW,IAH,64
1520,DFW-ICT,DFW,ICT,42
1521,DFW-IDA,DFW,IDA,7
1522,DFW-ILM,DFW,ILM,8
1523,DFW-IND,DFW,IND,30
1524,DFW-JAC,DFW,JAC,10
1525,DFW-JAN,DFW,JAN,29
1526,DFW-JAX,DFW,JAX,25
1527,DFW-JFK,DFW,JFK,27
1528,DFW-LAS,DFW,LAS,71
1529,DFW-LAW,DFW,LAW,23
1530,DFW-LAX,DFW,LAX,105
1531,DFW-LBB,DFW,LBB,41
1532,DFW-LCH,DFW,LCH,17
1533,DFW-LEX,DFW,LEX,13
1534,DFW-LFT,DFW,LFT,17
1535,DFW-LGA,DFW,LGA,80
1536,DFW-LIT,DFW,LIT,40
1537,DFW-LRD,DFW,LRD,14
1538,DFW-MAF,DFW,MAF,45
1539,DFW-MCI,DFW,MCI,32
1540,DFW-MCO,DFW,MCO,86
1541,DFW-MDT,DFW,MDT,7
1542,DFW-MDW,DFW,MDW,14
1543,DFW-MEM,DFW,MEM,28
1544,DFW-MFE,DFW,MFE,33
1545,DFW-MGM,DFW,MGM,9
1546,DFW-MHK,DFW,MHK,17
1547,DFW-MIA,DFW,MIA,90
1548,DFW-MKE,DFW,MKE,18
1549,DFW-MLI,DFW,MLI,17
1550,DFW-MLU,DFW,MLU,8
1551,DFW-MOB,DFW,MOB,13
1552,DFW-MRY,DFW,MRY,9
1553,DFW-MSN,DFW,MSN,14
1554,DFW-MSO,DFW,MSO,7
1555,DFW-MSP,DFW,MSP,37
1556,DFW-MSY,DFW,MSY,32
1557,DFW-MTJ,DFW,MTJ,8
1558,DFW-OGG,DFW,OGG,7
1559,DFW-OKC,DFW,OKC,42
1560,DFW-OMA,DFW,OMA,20
1561,DFW-ONT,DFW,ONT,32
1562,DFW-ORD,DFW,ORD,79
1563,DFW-ORF,DFW,ORF,19
1564,DFW-PBI,DFW,PBI,26
1565,DFW-PDX,DFW,PDX,44
1566,DFW-PHL,DFW,PHL,47
1567,DFW-PHX,DFW,PHX,77
1568,DFW-PIA,DFW,PIA,11
1569,DFW-PIT,DFW,PIT,16
1570,DFW-PNS,DFW,PNS,16
1571,DFW-PSP,DFW,PSP,14
1572,DFW-RAP,DFW,RAP,13
1573,DFW-RDU,DFW,RDU,29
1574,DFW-RIC,DFW,RIC,18
1575,DFW-RNO,DFW,RNO,15
1576,DFW-ROW,DFW,ROW,13
1577,DFW-RSW,DFW,RSW,22
1578,DFW-SAF,DFW,SAF,22
1579,DFW-SAN,DFW,SAN,53
1580,DFW-SAT,DFW,SAT,74
1581,DFW-SAV,DFW,SAV,9
1582,DFW-SBA,DFW,SBA,2
1583,DFW-SBN,DFW,SBN,13
1584,DFW-SBP,DFW,SBP,4
1585,DFW-SDF,DFW,SDF,19
1586,DFW-SEA,DFW,SEA,52
1587,DFW-SFO,DFW,SFO,56
1588,DFW-SGF,DFW,SGF,50
1589,DFW-SHV,DFW,SHV,32
1590,DFW-SJC,DFW,SJC,22
1591,DFW-SJT,DFW,SJT,9
1592,DFW-SJU,DFW,SJU,16
1593,DFW-SLC,DFW,SLC,56
1594,DFW-SMF,DFW,SMF,21
1595,DFW-SNA,DFW,SNA,51
1596,DFW-SPS,DFW,SPS,17
1597,DFW-SRQ,DFW,SRQ,7
1598,DFW-STL,DFW,STL,26
1599,DFW-SWO,DFW,SWO,9
1600,DFW-SYR,DFW,SYR,3
1601,DFW-TLH,DFW,TLH,16
1602,DFW-TPA,DFW,TPA,47
1603,DFW-TRI,DFW,TRI,7
1604,DFW-TUL,DFW,TUL,37
1605,DFW-TUS,DFW,TUS,42
1606,DFW-TXK,DFW,TXK,13
1607,DFW-TYR,DFW,TYR,18
1608,DFW-TYS,DFW,TYS,14
1609,DFW-VPS,DFW,VPS,19
1610,DFW-XNA,DFW,XNA,55
1611,DFW-YUM,DFW,YUM,8
1612,DHN-ATL,DHN,ATL,10
1613,DIK-DEN,DIK,DEN,14
1614,DLH-MSP,DLH,MSP,12
1615,DLH-ORD,DLH,ORD,13
1616,DRO-DEN,DRO,DEN,17
1617,DRO-DFW,DRO,DFW,13
1618,DRO-PHX,DRO,PHX,18
1619,DSM-ATL,DSM,ATL,16
1620,DSM-AUS,DSM,AUS,3
1621,DSM-AZA,DSM,AZA,1
1622,DSM-BNA,DSM,BNA,2
1623,DSM-CLT,DSM,CLT,6
1624,DSM-DCA,DSM,DCA,12
1625,DSM-DEN,DSM,DEN,25
1626,DSM-DFW,DSM,DFW,25
1627,DSM-DTW,DSM,DTW,7
1628,DSM-FLL,DSM,FLL,1
1629,DSM-IAH,DSM,IAH,2
1630,DSM-LAS,DSM,LAS,11
1631,DSM-LGA,DSM,LGA,15
1632,DSM-MCO,DSM,MCO,4
1633,DSM-MIA,DSM,MIA,7
1634,DSM-MSP,DSM,MSP,13
1635,DSM-ORD,DSM,ORD,26
1636,DSM-PGD,DSM,PGD,2
1637,DSM-PHX,DSM,PHX,13
1638,DSM-SFB,DSM,SFB,1
1639,DSM-SNA,DSM,SNA,3
1640,DSM-SRQ,DSM,SRQ,1
1641,DSM-STL,DSM,STL,9
1642,DTW-ALB,DTW,ALB,20
1643,DTW-APN,DTW,APN,15
1644,DTW-ATL,DTW,ATL,82
1645,DTW-ATW,DTW,ATW,13
1646,DTW-AUS,DTW,AUS,11
1647,DTW-AZO,DTW,AZO,15
1648,DTW-BDL,DTW,BDL,19
1649,DTW-BGM,DTW,BGM,3
1650,DTW-BHM,DTW,BHM,5
1651,DTW-BNA,DTW,BNA,33
1652,DTW-BOS,DTW,BOS,30
1653,DTW-BUF,DTW,BUF,10
1654,DTW-BWI,DTW,BWI,22
1655,DTW-CHA,DTW,CHA,7
1656,DTW-CHS,DTW,CHS,4
1657,DTW-CIU,DTW,CIU,9
1658,DTW-CLE,DTW,CLE,23
1659,DTW-CLT,DTW,CLT,43
1660,DTW-CMH,DTW,CMH,18
1661,DTW-CVG,DTW,CVG,12
1662,DTW-DCA,DTW,DCA,49
1663,DTW-DEN,DTW,DEN,38
1664,DTW-DFW,DTW,DFW,51
1665,DTW-DSM,DTW,DSM,11
1666,DTW-ELM,DTW,ELM,6
1667,DTW-ESC,DTW,ESC,10
1668,DTW-EWR,DTW,EWR,46
1669,DTW-FLL,DTW,FLL,32
1670,DTW-GRB,DTW,GRB,14
1671,DTW-GRR,DTW,GRR,17
1672,DTW-GSO,DTW,GSO,5
1673,DTW-GSP,DTW,GSP,3
1674,DTW-HNL,DTW,HNL,4
1675,DTW-HPN,DTW,HPN,23
1676,DTW-HSV,DTW,HSV,2
1677,DTW-IAD,DTW,IAD,20
1678,DTW-IAH,DTW,IAH,33
1679,DTW-IMT,DTW,IMT,4
1680,DTW-IND,DTW,IND,13
1681,DTW-JAX,DTW,JAX,3
1682,DTW-JFK,DTW,JFK,32
1683,DTW-LAN,DTW,LAN,19
1684,DTW-LAS,DTW,LAS,23
1685,DTW-LAX,DTW,LAX,34
1686,DTW-LEX,DTW,LEX,4
1687,DTW-LGA,DTW,LGA,60
1688,DTW-MBS,DTW,MBS,16
1689,DTW-MCI,DTW,MCI,14
1690,DTW-MCO,DTW,MCO,44
1691,DTW-MDT,DTW,MDT,5
1692,DTW-MDW,DTW,MDW,33
1693,DTW-MEM,DTW,MEM,9
1694,DTW-MIA,DTW,MIA,30
1695,DTW-MKE,DTW,MKE,14
1696,DTW-MQT,DTW,MQT,7
1697,DTW-MSN,DTW,MSN,11
1698,DTW-MSP,DTW,MSP,37
1699,DTW-MSY,DTW,MSY,14
1700,DTW-MYR,DTW,MYR,6
1701,DTW-OMA,DTW,OMA,13
1702,DTW-ORD,DTW,ORD,75
1703,DTW-ORF,DTW,ORF,7
1704,DTW-PBI,DTW,PBI,8
1705,DTW-PHL,DTW,PHL,32
1706,DTW-PHX,DTW,PHX,32
1707,DTW-PIT,DTW,PIT,15
1708,DTW-PLN,DTW,PLN,6
1709,DTW-PVD,DTW,PVD,16
1710,DTW-PWM,DTW,PWM,7
1711,DTW-RDU,DTW,RDU,16
1712,DTW-RIC,DTW,RIC,18
1713,DTW-ROC,DTW,ROC,17
1714,DTW-RSW,DTW,RSW,34
1715,DTW-SAN,DTW,SAN,9
1716,DTW-SAT,DTW,SAT,13
1717,DTW-SBN,DTW,SBN,4
1718,DTW-SDF,DTW,SDF,19
1719,DTW-SEA,DTW,SEA,26
1720,DTW-SFO,DTW,SFO,19
1721,DTW-SJU,DTW,SJU,5
1722,DTW-SLC,DTW,SLC,22
1723,DTW-SNA,DTW,SNA,6
1724,DTW-SRQ,DTW,SRQ,4
1725,DTW-STL,DTW,STL,35
1726,DTW-SYR,DTW,SYR,20
1727,DTW-TPA,DTW,TPA,37
1728,DTW-TVC,DTW,TVC,10
1729,DTW-TYS,DTW,TYS,9
1730,DVL-DEN,DVL,DEN,6
1731,DVL-JMS,DVL,JMS,4
1732,ECP-ATL,ECP,ATL,31
1733,ECP-BNA,ECP,BNA,10
1734,ECP-CLT,ECP,CLT,11
1735,ECP-DAL,ECP,DAL,4
1736,ECP-DFW,ECP,DFW,13
1737,ECP-HOU,ECP,HOU,6
1738,EGE-ATL,EGE,ATL,10
1739,EGE-AUS,EGE,AUS,1
1740,EGE-DEN,EGE,DEN,19
1741,EGE-DFW,EGE,DFW,22
1742,EGE-EWR,EGE,EWR,8
1743,EGE-IAH,EGE,IAH,6
1744,EGE-JFK,EGE,JFK,3
1745,EGE-LAX,EGE,LAX,11
1746,EGE-MIA,EGE,MIA,4
1747,EGE-ORD,EGE,ORD,24
1748,EGE-PHX,EGE,PHX,1
1749,EGE-SFO,EGE,SFO,4
1750,EKO-SLC,EKO,SLC,7
1751,ELM-DTW,ELM,DTW,11
1752,ELM-SFB,ELM,SFB,4
1753,ELP-ATL,ELP,ATL,7
1754,ELP-AUS,ELP,AUS,10
1755,ELP-DAL,ELP,DAL,31
1756,ELP-DEN,ELP,DEN,23
1757,ELP-DFW,ELP,DFW,48
1758,ELP-HOU,ELP,HOU,10
1759,ELP-IAH,ELP,IAH,5
1760,ELP-LAS,ELP,LAS,16
1761,ELP-LAX,ELP,LAX,11
1762,ELP-LGB,ELP,LGB,6
1763,ELP-ORD,ELP,ORD,4
1764,ELP-PHX,ELP,PHX,39
1765,ELP-SAN,ELP,SAN,3
1766,ELP-SAT,ELP,SAT,6
1767,ESC-DTW,ESC,DTW,3
1768,ESC-MSP,ESC,MSP,2
1769,EUG-AZA,EUG,AZA,3
1770,EUG-BUR,EUG,BUR,3
1771,EUG-DEN,EUG,DEN,20
1772,EUG-DFW,EUG,DFW,6
1773,EUG-LAS,EUG,LAS,8
1774,EUG-OAK,EUG,OAK,12
1775,EUG-PHX,EUG,PHX,9
1776,EUG-SAN,EUG,SAN,1
1777,EUG-SEA,EUG,SEA,15
1778,EUG-SFO,EUG,SFO,9
1779,EUG-SJC,EUG,SJC,4
1780,EUG-SLC,EUG,SLC,8
1781,EUG-SNA,EUG,SNA,2
1782,EVV-ATL,EVV,ATL,12
1783,EVV-DFW,EVV,DFW,12
1784,EVV-SFB,EVV,SFB,1
1785,EWR-ATL,EWR,ATL,85
1786,EWR-AUS,EWR,AUS,20
1787,EWR-AVL,EWR,AVL,10
1788,EWR-BGR,EWR,BGR,2
1789,EWR-BNA,EWR,BNA,22
1790,EWR-BOS,EWR,BOS,56
1791,EWR-BQN,EWR,BQN,2
1792,EWR-BTV,EWR,BTV,6
1793,EWR-BUF,EWR,BUF,5
1794,EWR-BZN,EWR,BZN,7
1795,EWR-CHS,EWR,CHS,14
1796,EWR-CLE,EWR,CLE,39
1797,EWR-CLT,EWR,CLT,51
1798,EWR-CMH,EWR,CMH,28
1799,EWR-CVG,EWR,CVG,35
1800,EWR-DCA,EWR,DCA,4
1801,EWR-DEN,EWR,DEN,45
1802,EWR-DFW,EWR,DFW,46
1803,EWR-DSM,EWR,DSM,1
1804,EWR-DTW,EWR,DTW,49
1805,EWR-EGE,EWR,EGE,2
1806,EWR-EYW,EWR,EYW,7
1807,EWR-FLL,EWR,FLL,101
1808,EWR-GRR,EWR,GRR,12
1809,EWR-GSO,EWR,GSO,12
1810,EWR-GSP,EWR,GSP,15
1811,EWR-HDN,EWR,HDN,2
1812,EWR-HNL,EWR,HNL,8
1813,EWR-IAD,EWR,IAD,22
1814,EWR-IAH,EWR,IAH,61
1815,EWR-IND,EWR,IND,34
1816,EWR-JAC,EWR,JAC,6
1817,EWR-JAX,EWR,JAX,25
1818,EWR-LAS,EWR,LAS,48
1819,EWR-LAX,EWR,LAX,93
1820,EWR-MCO,EWR,MCO,110
1821,EWR-MDT,EWR,MDT,8
1822,EWR-MHT,EWR,MHT,3
1823,EWR-MIA,EWR,MIA,84
1824,EWR-MKE,EWR,MKE,10
1825,EWR-MSN,EWR,MSN,5
1826,EWR-MSP,EWR,MSP,32
1827,EWR-MSY,EWR,MSY,16
1828,EWR-MTJ,EWR,MTJ,5
1829,EWR-MYR,EWR,MYR,18
1830,EWR-OAK,EWR,OAK,2
1831,EWR-ORD,EWR,ORD,95
1832,EWR-ORF,EWR,ORF,7
1833,EWR-PBI,EWR,PBI,51
1834,EWR-PDX,EWR,PDX,12
1835,EWR-PHX,EWR,PHX,43
1836,EWR-PIT,EWR,PIT,30
1837,EWR-PWM,EWR,PWM,8
1838,EWR-RDU,EWR,RDU,46
1839,EWR-ROC,EWR,ROC,7
1840,EWR-RSW,EWR,RSW,46
1841,EWR-SAN,EWR,SAN,31
1842,EWR-SAT,EWR,SAT,10
1843,EWR-SAV,EWR,SAV,22
1844,EWR-SDF,EWR,SDF,20
1845,EWR-SEA,EWR,SEA,22
1846,EWR-SFO,EWR,SFO,59
1847,EWR-SJU,EWR,SJU,37
1848,EWR-SLC,EWR,SLC,18
1849,EWR-SMF,EWR,SMF,1
1850,EWR-SNA,EWR,SNA,13
1851,EWR-SRQ,EWR,SRQ,17
1852,EWR-STL,EWR,STL,15
1853,EWR-STT,EWR,STT,6
1854,EWR-SYR,EWR,SYR,9
1855,EWR-TPA,EWR,TPA,39
1856,EYW-ATL,EYW,ATL,20
1857,EYW-BOS,EYW,BOS,4
1858,EYW-CLT,EYW,CLT,42
1859,EYW-CVG,EYW,CVG,2
1860,EYW-DCA,EYW,DCA,17
1861,EYW-DFW,EYW,DFW,10
1862,EYW-EWR,EYW,EWR,14
1863,EYW-IAD,EYW,IAD,5
1864,EYW-IAH,EYW,IAH,3
1865,EYW-IND,EYW,IND,3
1866,EYW-LGA,EYW,LGA,13
1867,EYW-MIA,EYW,MIA,16
1868,EYW-ORD,EYW,ORD,10
1869,EYW-PHL,EYW,PHL,11
1870,EYW-PIE,EYW,PIE,2
1871,EYW-PIT,EYW,PIT,3
1872,FAI-ANC,FAI,ANC,6
1873,FAI-SEA,FAI,SEA,40
1874,FAR-AZA,FAR,AZA,5
1875,FAR-BNA,FAR,BNA,3
1876,FAR-DEN,FAR,DEN,23
1877,FAR-DFW,FAR,DFW,14
1878,FAR-LAS,FAR,LAS,2
1879,FAR-MSP,FAR,MSP,24
1880,FAR-ORD,FAR,ORD,25
1881,FAR-PHX,FAR,PHX,9
1882,FAR-PIE,FAR,PIE,1
1883,FAR-SFB,FAR,SFB,3
1884,FAT-DEN,FAT,DEN,23
1885,FAT-DFW,FAT,DFW,21
1886,FAT-LAS,FAT,LAS,24
1887,FAT-LAX,FAT,LAX,13
1888,FAT-ORD,FAT,ORD,4
1889,FAT-PDX,FAT,PDX,5
1890,FAT-PHX,FAT,PHX,22
1891,FAT-SAN,FAT,SAN,15
1892,FAT-SEA,FAT,SEA,13
1893,FAT-SFO,FAT,SFO,16
1894,FAT-SLC,FAT,SLC,13
1895,FAY-ATL,FAY,ATL,9
1896,FAY-CLT,FAY,CLT,7
1897,FAY-DFW,FAY,DFW,9
1898,FCA-AZA,FCA,AZA,3
1899,FCA-DEN,FCA,DEN,14
1900,FCA-LAS,FCA,LAS,1
1901,FCA-MSP,FCA,MSP,7
1902,FCA-ORD,FCA,ORD,4
1903,FCA-SEA,FCA,SEA,1
1904,FCA-SFO,FCA,SFO,1
1905,FCA-SLC,FCA,SLC,19
1906,FLG-DFW,FLG,DFW,7
1907,FLG-PHX,FLG,PHX,13
1908,FLL-ABE,FLL,ABE,1
1909,FLL-ACY,FLL,ACY,12
1910,FLL-ALB,FLL,ALB,5
1911,FLL-ATL,FLL,ATL,133
1912,FLL-AUS,FLL,AUS,19
1913,FLL-AVL,FLL,AVL,9
1914,FLL-BDL,FLL,BDL,10
1915,FLL-BNA,FLL,BNA,39
1916,FLL-BOS,FLL,BOS,50
1917,FLL-BQN,FLL,BQN,9
1918,FLL-BUF,FLL,BUF,8
1919,FLL-BWI,FLL,BWI,67
1920,FLL-CAK,FLL,CAK,1
1921,FLL-CHS,FLL,CHS,11
1922,FLL-CID,FLL,CID,2
1923,FLL-CLE,FLL,CLE,23
1924,FLL-CLT,FLL,CLT,61
1925,FLL-CMH,FLL,CMH,20
1926,FLL-CVG,FLL,CVG,10
1927,FLL-DAL,FLL,DAL,14
1928,FLL-DCA,FLL,DCA,42
1929,FLL-DEN,FLL,DEN,23
1930,FLL-DFW,FLL,DFW,41
1931,FLL-DSM,FLL,DSM,3
1932,FLL-DTW,FLL,DTW,40
1933,FLL-EWR,FLL,EWR,82
1934,FLL-FSD,FLL,FSD,2
1935,FLL-GRR,FLL,GRR,1
1936,FLL-GSP,FLL,GSP,1
1937,FLL-HOU,FLL,HOU,10
1938,FLL-HPN,FLL,HPN,19
1939,FLL-IAD,FLL,IAD,18
1940,FLL-IAH,FLL,IAH,45
1941,FLL-IND,FLL,IND,22
1942,FLL-ISP,FLL,ISP,3
1943,FLL-JAX,FLL,JAX,9
1944,FLL-JFK,FLL,JFK,51
1945,FLL-LAS,FLL,LAS,7
1946,FLL-LAX,FLL,LAX,36
1947,FLL-LEX,FLL,LEX,1
1948,FLL-LGA,FLL,LGA,78
1949,FLL-MCI,FLL,MCI,7
1950,FLL-MCO,FLL,MCO,21
1951,FLL-MDW,FLL,MDW,18
1952,FLL-MEM,FLL,MEM,2
1953,FLL-MKE,FLL,MKE,1
1954,FLL-MSP,FLL,MSP,18
1955,FLL-MSY,FLL,MSY,27
1956,FLL-MYR,FLL,MYR,6
1957,FLL-ORD,FLL,ORD,60
1958,FLL-ORF,FLL,ORF,5
1959,FLL-ORH,FLL,ORH,7
1960,FLL-PBG,FLL,PBG,3
1961,FLL-PDX,FLL,PDX,6
1962,FLL-PHL,FLL,PHL,55
1963,FLL-PHX,FLL,PHX,3
1964,FLL-PIT,FLL,PIT,18
1965,FLL-PNS,FLL,PNS,7
1966,FLL-PVD,FLL,PVD,8
1967,FLL-RDU,FLL,RDU,14
1968,FLL-RIC,FLL,RIC,9
1969,FLL-SAN,FLL,SAN,13
1970,FLL-SAT,FLL,SAT,7
1971,FLL-SDF,FLL,SDF,8
1972,FLL-SEA,FLL,SEA,12
1973,FLL-SFO,FLL,SFO,29
1974,FLL-SJU,FLL,SJU,32
1975,FLL-SLC,FLL,SLC,13
1976,FLL-STL,FLL,STL,12
1977,FLL-STT,FLL,STT,7
1978,FLL-STX,FLL,STX,7
1979,FLL-SYR,FLL,SYR,1
1980,FLL-TLH,FLL,TLH,5
1981,FLL-TPA,FLL,TPA,20
1982,FLL-TTN,FLL,TTN,2
1983,FLL-TYS,FLL,TYS,6
1984,FLL-USA,FLL,USA,5
1985,FLL-XNA,FLL,XNA,3
1986,FNT-AZA,FNT,AZA,2
1987,FNT-JAX,FNT,JAX,1
1988,FNT-ORD,FNT,ORD,11
1989,FNT-PGD,FNT,PGD,1
1990,FNT-PIE,FNT,PIE,3
1991,FNT-SFB,FNT,SFB,3
1992,FNT-SRQ,FNT,SRQ,1
1993,FOD-MCW,FOD,MCW,4
1994,FOD-ORD,FOD,ORD,7
1995,FSD-ATL,FSD,ATL,7
1996,FSD-AUS,FSD,AUS,1
1997,FSD-AZA,FSD,AZA,3
1998,FSD-BNA,FSD,BNA,3
1999,FSD-DEN,FSD,DEN,18
2000,FSD-DFW,FSD,DFW,12
2001,FSD-FLL,FSD,FLL,2
2002,FSD-LAS,FSD,LAS,3
2003,FSD-MSP,FSD,MSP,21
2004,FSD-ORD,FSD,ORD,21
2005,FSD-PHX,FSD,PHX,6
2006,FSD-PIE,FSD,PIE,2
2007,FSD-SFB,FSD,SFB,1
2008,FSD-STC,FSD,STC,1
2009,FSM-DFW,FSM,DFW,15
2010,FWA-ATL,FWA,ATL,15
2011,FWA-DFW,FWA,DFW,13
2012,FWA-MSP,FWA,MSP,9
2013,FWA-ORD,FWA,ORD,11
2014,FWA-PGD,FWA,PGD,3
2015,FWA-PIE,FWA,PIE,3
2016,FWA-SRQ,FWA,SRQ,3
2017,GCC-DEN,GCC,DEN,14
2018,GCK-DFW,GCK,DFW,8
2019,GEG-ATL,GEG,ATL,8
2020,GEG-AZA,GEG,AZA,2
2021,GEG-BOI,GEG,BOI,6
2022,GEG-DEN,GEG,DEN,28
2023,GEG-DFW,GEG,DFW,17
2024,GEG-LAS,GEG,LAS,7
2025,GEG-LAX,GEG,LAX,6
2026,GEG-MSP,GEG,MSP,14
2027,GEG-OAK,GEG,OAK,13
2028,GEG-ORD,GEG,ORD,3
2029,GEG-PDX,GEG,PDX,7
2030,GEG-PHX,GEG,PHX,18
2031,GEG-SAN,GEG,SAN,2
2032,GEG-SEA,GEG,SEA,86
2033,GEG-SFO,GEG,SFO,12
2034,GEG-SJC,GEG,SJC,5
2035,GEG-SLC,GEG,SLC,19
2036,GEG-SMF,GEG,SMF,13
2037,GFK-AZA,GFK,AZA,3
2038,GFK-LAS,GFK,LAS,1
2039,GFK-MSP,GFK,MSP,18
2040,GFK-SFB,GFK,SFB,2
2041,GGG-DFW,GGG,DFW,14
2042,GJT-DEN,GJT,DEN,14
2043,GJT-DFW,GJT,DFW,12
2044,GJT-LAS,GJT,LAS,2
2045,GJT-PHX,GJT,PHX,17
2046,GNV-ATL,GNV,ATL,20
2047,GNV-CLT,GNV,CLT,2
2048,GNV-DFW,GNV,DFW,6
2049,GNV-MIA,GNV,MIA,9
2050,GPT-ATL,GPT,ATL,23
2051,GPT-CLT,GPT,CLT,8
2052,GPT-DFW,GPT,DFW,15
2053,GRB-ATL,GRB,ATL,7
2054,GRB-DTW,GRB,DTW,12
2055,GRB-MCO,GRB,MCO,2
2056,GRB-MSP,GRB,MSP,25
2057,GRB-ORD,GRB,ORD,22
2058,GRI-AZA,GRI,AZA,1
2059,GRI-DFW,GRI,DFW,13
2060,GRI-LAS,GRI,LAS,2
2061,GRK-DFW,GRK,DFW,23
2062,GRR-ATL,GRR,ATL,16
2063,GRR-AUS,GRR,AUS,2
2064,GRR-AZA,GRR,AZA,4
2065,GRR-BNA,GRR,BNA,2
2066,GRR-BOS,GRR,BOS,1
2067,GRR-BWI,GRR,BWI,7
2068,GRR-CLT,GRR,CLT,16
2069,GRR-DCA,GRR,DCA,11
2070,GRR-DEN,GRR,DEN,11
2071,GRR-DFW,GRR,DFW,12
2072,GRR-DTW,GRR,DTW,26
2073,GRR-EWR,GRR,EWR,6
2074,GRR-FLL,GRR,FLL,3
2075,GRR-IAH,GRR,IAH,5
2076,GRR-LAS,GRR,LAS,3
2077,GRR-LGA,GRR,LGA,22
2078,GRR-MCO,GRR,MCO,12
2079,GRR-MDW,GRR,MDW,16
2080,GRR-MIA,GRR,MIA,4
2081,GRR-MSP,GRR,MSP,17
2082,GRR-ORD,GRR,ORD,37
2083,GRR-PGD,GRR,PGD,8
2084,GRR-PHL,GRR,PHL,2
2085,GRR-PHX,GRR,PHX,4
2086,GRR-PIE,GRR,PIE,3
2087,GRR-RSW,GRR,RSW,3
2088,GRR-SFB,GRR,SFB,7
2089,GRR-SRQ,GRR,SRQ,4
2090,GRR-TPA,GRR,TPA,2
2091,GRR-VPS,GRR,VPS,2
2092,GSO-ATL,GSO,ATL,29
2093,GSO-CLT,GSO,CLT,35
2094,GSO-DCA,GSO,DCA,15
2095,GSO-DEN,GSO,DEN,3
2096,GSO-DFW,GSO,DFW,7
2097,GSO-DTW,GSO,DTW,4
2098,GSO-EWR,GSO,EWR,11
2099,GSO-LGA,GSO,LGA,30
2100,GSO-MIA,GSO,MIA,3
2101,GSO-ORD,GSO,ORD,19
2102,GSP-ATL,GSP,ATL,42
2103,GSP-BWI,GSP,BWI,6
2104,GSP-CLT,GSP,CLT,48
2105,GSP-DCA,GSP,DCA,14
2106,GSP-DEN,GSP,DEN,7
2107,GSP-DFW,GSP,DFW,18
2108,GSP-DTW,GSP,DTW,3
2109,GSP-EWR,GSP,EWR,16
2110,GSP-HOU,GSP,HOU,1
2111,GSP-IAH,GSP,IAH,6
2112,GSP-LGA,GSP,LGA,21
2113,GSP-MIA,GSP,MIA,6
2114,GSP-ORD,GSP,ORD,20
2115,GSP-PHL,GSP,PHL,11
2116,GSP-PIE,GSP,PIE,1
2117,GTF-AZA,GTF,AZA,2
2118,GTF-DEN,GTF,DEN,11
2119,GTF-LAS,GTF,LAS,1
2120,GTF-MSP,GTF,MSP,7
2121,GTF-SEA,GTF,SEA,4
2122,GTF-SLC,GTF,SLC,15
2123,GTR-ATL,GTR,ATL,12
2124,GUC-DEN,GUC,DEN,10
2125,GUC-DFW,GUC,DFW,9
2126,GUM-HNL,GUM,HNL,5
2127,GUM-SPN,GUM,SPN,9
2128,HDN-ATL,HDN,ATL,5
2129,HDN-DAL,HDN,DAL,4
2130,HDN-DEN,HDN,DEN,36
2131,HDN-DFW,HDN,DFW,12
2132,HDN-EWR,HDN,EWR,1
2133,HDN-IAD,HDN,IAD,1
2134,HDN-IAH,HDN,IAH,3
2135,HDN-LAX,HDN,LAX,5
2136,HDN-MSP,HDN,MSP,2
2137,HDN-ORD,HDN,ORD,9
2138,HDN-SAN,HDN,SAN,2
2139,HGR-PIE,HGR,PIE,2
2140,HGR-SFB,HGR,SFB,1
2141,HHH-CLT,HHH,CLT,11
2142,HIB-MSP,HIB,MSP,4
2143,HLN-DEN,HLN,DEN,11
2144,HLN-SEA,HLN,SEA,9
2145,HLN-SLC,HLN,SLC,14
2146,HNL-ANC,HNL,ANC,6
2147,HNL-ATL,HNL,ATL,10
2148,HNL-AUS,HNL,AUS,4
2149,HNL-BOS,HNL,BOS,2
2150,HNL-DEN,HNL,DEN,9
2151,HNL-DFW,HNL,DFW,15
2152,HNL-DTW,HNL,DTW,6
2153,HNL-EWR,HNL,EWR,8
2154,HNL-GUM,HNL,GUM,2
2155,HNL-IAD,HNL,IAD,3
2156,HNL-IAH,HNL,IAH,5
2157,HNL-ITO,HNL,ITO,94
2158,HNL-JFK,HNL,JFK,9
2159,HNL-KOA,HNL,KOA,126
2160,HNL-LAS,HNL,LAS,27
2161,HNL-LAX,HNL,LAX,74
2162,HNL-LGB,HNL,LGB,7
2163,HNL-LIH,HNL,LIH,131
2164,HNL-MSP,HNL,MSP,10
2165,HNL-OAK,HNL,OAK,24
2166,HNL-OGG,HNL,OGG,173
2167,HNL-ONT,HNL,ONT,4
2168,HNL-ORD,HNL,ORD,5
2169,HNL-PAE,HNL,PAE,7
2170,HNL-PDX,HNL,PDX,13
2171,HNL-PHX,HNL,PHX,13
2172,HNL-PPG,HNL,PPG,4
2173,HNL-SAN,HNL,SAN,20
2174,HNL-SEA,HNL,SEA,40
2175,HNL-SFO,HNL,SFO,44
2176,HNL-SJC,HNL,SJC,17
2177,HNL-SLC,HNL,SLC,7
2178,HNL-SMF,HNL,SMF,14
2179,HOU-ABQ,HOU,ABQ,12
2180,HOU-AMA,HOU,AMA,1
2181,HOU-ATL,HOU,ATL,37
2182,HOU-AUS,HOU,AUS,27
2183,HOU-AVL,HOU,AVL,1
2184,HOU-BHM,HOU,BHM,10
2185,HOU-BNA,HOU,BNA,22
2186,HOU-BWI,HOU,BWI,22
2187,HOU-CMH,HOU,CMH,2
2188,HOU-COS,HOU,COS,3
2189,HOU-CRP,HOU,CRP,23
2190,HOU-DAL,HOU,DAL,57
2191,HOU-DCA,HOU,DCA,14
2192,HOU-DEN,HOU,DEN,49
2193,HOU-DFW,HOU,DFW,33
2194,HOU-DSM,HOU,DSM,4
2195,HOU-DTW,HOU,DTW,1
2196,HOU-ECP,HOU,ECP,4
2197,HOU-ELP,HOU,ELP,12
2198,HOU-FLL,HOU,FLL,14
2199,HOU-GSP,HOU,GSP,2
2200,HOU-HRL,HOU,HRL,17
2201,HOU-IND,HOU,IND,5
2202,HOU-JAN,HOU,JAN,15
2203,HOU-JAX,HOU,JAX,4
2204,HOU-LAS,HOU,LAS,38
2205,HOU-LAX,HOU,LAX,15
2206,HOU-LBB,HOU,LBB,1
2207,HOU-LGA,HOU,LGA,18
2208,HOU-LGB,HOU,LGB,7
2209,HOU-MAF,HOU,MAF,19
2210,HOU-MCI,HOU,MCI,18
2211,HOU-MCO,HOU,MCO,33
2212,HOU-MDW,HOU,MDW,17
2213,HOU-MEM,HOU,MEM,5
2214,HOU-MIA,HOU,MIA,16
2215,HOU-MSY,HOU,MSY,34
2216,HOU-OAK,HOU,OAK,8
2217,HOU-OKC,HOU,OKC,22
2218,HOU-OMA,HOU,OMA,6
2219,HOU-ONT,HOU,ONT,6
2220,HOU-PHX,HOU,PHX,29
2221,HOU-PIT,HOU,PIT,6
2222,HOU-PNS,HOU,PNS,9
2223,HOU-PVU,HOU,PVU,2
2224,HOU-RDU,HOU,RDU,1
2225,HOU-RSW,HOU,RSW,1
2226,HOU-SAN,HOU,SAN,12
2227,HOU-SAT,HOU,SAT,28
2228,HOU-SDF,HOU,SDF,7
2229,HOU-SJC,HOU,SJC,4
2230,HOU-SLC,HOU,SLC,4
2231,HOU-SMF,HOU,SMF,7
2232,HOU-SRQ,HOU,SRQ,2
2233,HOU-STL,HOU,STL,19
2234,HOU-TPA,HOU,TPA,18
2235,HOU-TUL,HOU,TUL,10
2236,HOU-TUS,HOU,TUS,5
2237,HOU-TYS,HOU,TYS,2
2238,HOU-VPS,HOU,VPS,4
2239,HPN-ATL,HPN,ATL,28
2240,HPN-CLT,HPN,CLT,15
2241,HPN-DCA,HPN,DCA,24
2242,HPN-DTW,HPN,DTW,19
2243,HPN-FLL,HPN,FLL,24
2244,HPN-MCO,HPN,MCO,29
2245,HPN-MIA,HPN,MIA,8
2246,HPN-ORD,HPN,ORD,17
2247,HPN-PBI,HPN,PBI,46
2248,HPN-RSW,HPN,RSW,4
2249,HPN-TPA,HPN,TPA,2
2250,HRL-AUS,HRL,AUS,13
2251,HRL-DAL,HRL,DAL,1
2252,HRL-DFW,HRL,DFW,21
2253,HRL-HOU,HRL,HOU,17
2254,HRL-IAH,HRL,IAH,1
2255,HRL-MSP,HRL,MSP,7
2256,HSV-ATL,HSV,ATL,32
2257,HSV-CLT,HSV,CLT,12
2258,HSV-DCA,HSV,DCA,16
2259,HSV-DEN,HSV,DEN,13
2260,HSV-DFW,HSV,DFW,32
2261,HSV-DTW,HSV,DTW,4
2262,HSV-ORD,HSV,ORD,9
2263,HTS-PIE,HTS,PIE,3
2264,HTS-SFB,HTS,SFB,2
2265,HYS-DEN,HYS,DEN,2
2266,HYS-SLN,HYS,SLN,3
2267,IAD-ATL,IAD,ATL,48
2268,IAD-AUS,IAD,AUS,19
2269,IAD-BDL,IAD,BDL,4
2270,IAD-BNA,IAD,BNA,13
2271,IAD-BOS,IAD,BOS,28
2272,IAD-BTV,IAD,BTV,14
2273,IAD-BUF,IAD,BUF,1
2274,IAD-CHS,IAD,CHS,9
2275,IAD-CLE,IAD,CLE,3
2276,IAD-CLT,IAD,CLT,25
2277,IAD-CMH,IAD,CMH,12
2278,IAD-CVG,IAD,CVG,11
2279,IAD-DEN,IAD,DEN,40
2280,IAD-DFW,IAD,DFW,31
2281,IAD-DTW,IAD,DTW,30
2282,IAD-EWR,IAD,EWR,18
2283,IAD-EYW,IAD,EYW,2
2284,IAD-FLL,IAD,FLL,12
2285,IAD-HDN,IAD,HDN,1
2286,IAD-HNL,IAD,HNL,11
2287,IAD-IAH,IAD,IAH,15
2288,IAD-IND,IAD,IND,13
2289,IAD-JAX,IAD,JAX,9
2290,IAD-JFK,IAD,JFK,12
2291,IAD-JST,IAD,JST,3
2292,IAD-LAS,IAD,LAS,17
2293,IAD-LAX,IAD,LAX,31
2294,IAD-LGA,IAD,LGA,35
2295,IAD-MCO,IAD,MCO,22
2296,IAD-MDW,IAD,MDW,1
2297,IAD-MIA,IAD,MIA,10
2298,IAD-MSP,IAD,MSP,13
2299,IAD-MSY,IAD,MSY,6
2300,IAD-ORD,IAD,ORD,20
2301,IAD-ORF,IAD,ORF,5
2302,IAD-PBI,IAD,PBI,2
2303,IAD-PHX,IAD,PHX,5
2304,IAD-PIT,IAD,PIT,9
2305,IAD-PVD,IAD,PVD,1
2306,IAD-PWM,IAD,PWM,4
2307,IAD-RDU,IAD,RDU,2
2308,IAD-ROC,IAD,ROC,4
2309,IAD-RSW,IAD,RSW,17
2310,IAD-SAN,IAD,SAN,31
2311,IAD-SAT,IAD,SAT,16
2312,IAD-SAV,IAD,SAV,5
2313,IAD-SDF,IAD,SDF,8
2314,IAD-SEA,IAD,SEA,17
2315,IAD-SFO,IAD,SFO,28
2316,IAD-SJU,IAD,SJU,6
2317,IAD-SLC,IAD,SLC,9
2318,IAD-SMF,IAD,SMF,1
2319,IAD-SRQ,IAD,SRQ,5
2320,IAD-STT,IAD,STT,4
2321,IAD-SYR,IAD,SYR,1
2322,IAD-TPA,IAD,TPA,11
2323,IAG-PGD,IAG,PGD,2
2324,IAG-PIE,IAG,PIE,3
2325,IAG-SFB,IAG,SFB,2
2326,IAH-ABQ,IAH,ABQ,8
2327,IAH-ASE,IAH,ASE,21
2328,IAH-ATL,IAH,ATL,62
2329,IAH-AUS,IAH,AUS,26
2330,IAH-BHM,IAH,BHM,3
2331,IAH-BNA,IAH,BNA,35
2332,IAH-BOS,IAH,BOS,24
2333,IAH-BTR,IAH,BTR,4
2334,IAH-BWI,IAH,BWI,15
2335,IAH-BZN,IAH,BZN,3
2336,IAH-CHS,IAH,CHS,5
2337,IAH-CLE,IAH,CLE,15
2338,IAH-CLT,IAH,CLT,27
2339,IAH-CMH,IAH,CMH,15
2340,IAH-COS,IAH,COS,6
2341,IAH-CVG,IAH,CVG,7
2342,IAH-DAL,IAH,DAL,16
2343,IAH-DCA,IAH,DCA,40
2344,IAH-DEN,IAH,DEN,72
2345,IAH-DFW,IAH,DFW,64
2346,IAH-DSM,IAH,DSM,7
2347,IAH-DTW,IAH,DTW,23
2348,IAH-EGE,IAH,EGE,9
2349,IAH-ELP,IAH,ELP,3
2350,IAH-EWR,IAH,EWR,38
2351,IAH-EYW,IAH,EYW,7
2352,IAH-FLL,IAH,FLL,45
2353,IAH-GRR,IAH,GRR,5
2354,IAH-GSP,IAH,GSP,4
2355,IAH-HDN,IAH,HDN,5
2356,IAH-HNL,IAH,HNL,9
2357,IAH-HRL,IAH,HRL,1
2358,IAH-IAD,IAH,IAD,24
2359,IAH-ICT,IAH,ICT,9
2360,IAH-IND,IAH,IND,6
2361,IAH-JAC,IAH,JAC,1
2362,IAH-JAX,IAH,JAX,11
2363,IAH-JFK,IAH,JFK,8
2364,IAH-LAS,IAH,LAS,71
2365,IAH-LAX,IAH,LAX,48
2366,IAH-LGA,IAH,LGA,49
2367,IAH-MAF,IAH,MAF,15
2368,IAH-MCI,IAH,MCI,7
2369,IAH-MCO,IAH,MCO,70
2370,IAH-MDW,IAH,MDW,16
2371,IAH-MEI,IAH,MEI,9
2372,IAH-MEM,IAH,MEM,6
2373,IAH-MFE,IAH,MFE,16
2374,IAH-MIA,IAH,MIA,44
2375,IAH-MKE,IAH,MKE,5
2376,IAH-MSP,IAH,MSP,28
2377,IAH-MSY,IAH,MSY,35
2378,IAH-MTJ,IAH,MTJ,3
2379,IAH-OKC,IAH,OKC,8
2380,IAH-OMA,IAH,OMA,7
2381,IAH-ORD,IAH,ORD,59
2382,IAH-ORF,IAH,ORF,4
2383,IAH-PBI,IAH,PBI,7
2384,IAH-PDX,IAH,PDX,15
2385,IAH-PHL,IAH,PHL,31
2386,IAH-PHX,IAH,PHX,35
2387,IAH-PIB,IAH,PIB,9
2388,IAH-PIT,IAH,PIT,7
2389,IAH-PNS,IAH,PNS,4
2390,IAH-PSP,IAH,PSP,8
2391,IAH-RDU,IAH,RDU,11
2392,IAH-RIC,IAH,RIC,6
2393,IAH-RNO,IAH,RNO,3
2394,IAH-RSW,IAH,RSW,15
2395,IAH-SAN,IAH,SAN,17
2396,IAH-SAT,IAH,SAT,30
2397,IAH-SEA,IAH,SEA,23
2398,IAH-SFO,IAH,SFO,39
2399,IAH-SJC,IAH,SJC,2
2400,IAH-SJU,IAH,SJU,13
2401,IAH-SLC,IAH,SLC,43
2402,IAH-SMF,IAH,SMF,2
2403,IAH-SNA,IAH,SNA,15
2404,IAH-STL,IAH,STL,10
2405,IAH-STT,IAH,STT,1
2406,IAH-TPA,IAH,TPA,25
2407,IAH-TUL,IAH,TUL,1
2408,IAH-TUS,IAH,TUS,12
2409,IAH-VCT,IAH,VCT,11
2410,IAH-XNA,IAH,XNA,2
2411,ICT-ATL,ICT,ATL,12
2412,ICT-DCA,ICT,DCA,8
2413,ICT-DEN,ICT,DEN,17
2414,ICT-DFW,ICT,DFW,36
2415,ICT-IAH,ICT,IAH,7
2416,ICT-LAS,ICT,LAS,8
2417,ICT-MIA,ICT,MIA,1
2418,ICT-MSP,ICT,MSP,6
2419,ICT-ORD,ICT,ORD,26
2420,ICT-PHX,ICT,PHX,6
2421,ICT-STL,ICT,STL,7
2422,IDA-AZA,IDA,AZA,4
2423,IDA-DEN,IDA,DEN,9
2424,IDA-DFW,IDA,DFW,5
2425,IDA-LAS,IDA,LAS,2
2426,IDA-PDX,IDA,PDX,2
2427,IDA-PHX,IDA,PHX,1
2428,IDA-SLC,IDA,SLC,19
2429,IDA-SNA,IDA,SNA,2
2430,ILM-ATL,ILM,ATL,16
2431,ILM-CLT,ILM,CLT,42
2432,ILM-DCA,ILM,DCA,8
2433,ILM-DFW,ILM,DFW,6
2434,ILM-LGA,ILM,LGA,21
2435,ILM-PHL,ILM,PHL,2
2436,IMT-DTW,IMT,DTW,11
2437,IMT-MSP,IMT,MSP,4
2438,IND-ATL,IND,ATL,47
2439,IND-AUS,IND,AUS,6
2440,IND-BOS,IND,BOS,20
2441,IND-BWI,IND,BWI,11
2442,IND-CLT,IND,CLT,30
2443,IND-DAL,IND,DAL,12
2444,IND-DCA,IND,DCA,34
2445,IND-DEN,IND,DEN,41
2446,IND-DFW,IND,DFW,19
2447,IND-DTW,IND,DTW,7
2448,IND-EWR,IND,EWR,30
2449,IND-EYW,IND,EYW,1
2450,IND-FLL,IND,FLL,20
2451,IND-HOU,IND,HOU,5
2452,IND-IAD,IND,IAD,16
2453,IND-IAH,IND,IAH,9
2454,IND-JFK,IND,JFK,32
2455,IND-LAS,IND,LAS,21
2456,IND-LAX,IND,LAX,10
2457,IND-LGA,IND,LGA,42
2458,IND-MCI,IND,MCI,6
2459,IND-MCO,IND,MCO,51
2460,IND-MIA,IND,MIA,7
2461,IND-MSP,IND,MSP,19
2462,IND-ORD,IND,ORD,49
2463,IND-PGD,IND,PGD,3
2464,IND-PHL,IND,PHL,26
2465,IND-PHX,IND,PHX,11
2466,IND-PIE,IND,PIE,5
2467,IND-RSW,IND,RSW,14
2468,IND-SEA,IND,SEA,5
2469,IND-SFB,IND,SFB,2
2470,IND-SFO,IND,SFO,6
2471,IND-SRQ,IND,SRQ,5
2472,IND-TPA,IND,TPA,18
2473,INL-MSP,INL,MSP,7
2474,ISP-BWI,ISP,BWI,25
2475,ISP-FLL,ISP,FLL,8
2476,ISP-MCO,ISP,MCO,32
2477,ISP-PBI,ISP,PBI,23
2478,ISP-RSW,ISP,RSW,6
2479,ISP-TPA,ISP,TPA,8
2480,ITH-JFK,ITH,JFK,11
2481,ITO-HNL,ITO,HNL,104
2482,ITO-OGG,ITO,OGG,6
2483,JAC-ATL,JAC,ATL,6
2484,JAC-DEN,JAC,DEN,18
2485,JAC-DFW,JAC,DFW,16
2486,JAC-EWR,JAC,EWR,4
2487,JAC-IAH,JAC,IAH,2
2488,JAC-LAX,JAC,LAX,10
2489,JAC-MSP,JAC,MSP,1
2490,JAC-ORD,JAC,ORD,13
2491,JAC-SAN,JAC,SAN,1
2492,JAC-SEA,JAC,SEA,4
2493,JAC-SFO,JAC,SFO,11
2494,JAC-SLC,JAC,SLC,18
2495,JAN-ATL,JAN,ATL,39
2496,JAN-BWI,JAN,BWI,5
2497,JAN-CLT,JAN,CLT,1
2498,JAN-DCA,JAN,DCA,3
2499,JAN-DFW,JAN,DFW,24
2500,JAN-HOU,JAN,HOU,14
2501,JAN-MCO,JAN,MCO,2
2502,JAX-ATL,JAX,ATL,74
2503,JAX-AUS,JAX,AUS,3
2504,JAX-BNA,JAX,BNA,7
2505,JAX-BOS,JAX,BOS,18
2506,JAX-BWI,JAX,BWI,21
2507,JAX-CLT,JAX,CLT,43
2508,JAX-CVG,JAX,CVG,3
2509,JAX-DCA,JAX,DCA,23
2510,JAX-DEN,JAX,DEN,15
2511,JAX-DFW,JAX,DFW,26
2512,JAX-DTW,JAX,DTW,2
2513,JAX-EWR,JAX,EWR,21
2514,JAX-FLL,JAX,FLL,6
2515,JAX-HOU,JAX,HOU,3
2516,JAX-IAD,JAX,IAD,12
2517,JAX-IAH,JAX,IAH,19
2518,JAX-IND,JAX,IND,1
2519,JAX-JFK,JAX,JFK,20
2520,JAX-LGA,JAX,LGA,11
2521,JAX-MDW,JAX,MDW,5
2522,JAX-MIA,JAX,MIA,32
2523,JAX-ORD,JAX,ORD,18
2524,JAX-PHL,JAX,PHL,19
2525,JAX-PHX,JAX,PHX,5
2526,JAX-SJU,JAX,SJU,6
2527,JAX-STL,JAX,STL,4
2528,JFK-ATL,JFK,ATL,52
2529,JFK-AUS,JFK,AUS,38
2530,JFK-BGR,JFK,BGR,7
2531,JFK-BNA,JFK,BNA,32
2532,JFK-BOS,JFK,BOS,85
2533,JFK-BQN,JFK,BQN,7
2534,JFK-BTV,JFK,BTV,10
2535,JFK-BUF,JFK,BUF,36
2536,JFK-BUR,JFK,BUR,5
2537,JFK-BWI,JFK,BWI,11
2538,JFK-CHS,JFK,CHS,22
2539,JFK-CLE,JFK,CLE,27
2540,JFK-CLT,JFK,CLT,38
2541,JFK-CMH,JFK,CMH,15
2542,JFK-CVG,JFK,CVG,43
2543,JFK-DCA,JFK,DCA,29
2544,JFK-DEN,JFK,DEN,16
2545,JFK-DFW,JFK,DFW,26
2546,JFK-DTW,JFK,DTW,35
2547,JFK-EGE,JFK,EGE,10
2548,JFK-FLL,JFK,FLL,59
2549,JFK-HNL,JFK,HNL,6
2550,JFK-IAD,JFK,IAD,9
2551,JFK-IAH,JFK,IAH,7
2552,JFK-IND,JFK,IND,36
2553,JFK-ITH,JFK,ITH,12
2554,JFK-JAX,JFK,JAX,19
2555,JFK-LAS,JFK,LAS,41
2556,JFK-LAX,JFK,LAX,134
2557,JFK-MCI,JFK,MCI,10
2558,JFK-MCO,JFK,MCO,71
2559,JFK-MIA,JFK,MIA,88
2560,JFK-MKE,JFK,MKE,8
2561,JFK-MSP,JFK,MSP,13
2562,JFK-MSY,JFK,MSY,18
2563,JFK-ONT,JFK,ONT,8
2564,JFK-ORD,JFK,ORD,32
2565,JFK-ORF,JFK,ORF,18
2566,JFK-ORH,JFK,ORH,1
2567,JFK-PBI,JFK,PBI,30
2568,JFK-PDX,JFK,PDX,9
2569,JFK-PHX,JFK,PHX,35
2570,JFK-PIT,JFK,PIT,26
2571,JFK-PSE,JFK,PSE,6
2572,JFK-PSP,JFK,PSP,8
2573,JFK-PWM,JFK,PWM,7
2574,JFK-RDU,JFK,RDU,43
2575,JFK-RIC,JFK,RIC,4
2576,JFK-RNO,JFK,RNO,2
2577,JFK-ROC,JFK,ROC,25
2578,JFK-RSW,JFK,RSW,11
2579,JFK-SAN,JFK,SAN,27
2580,JFK-SAT,JFK,SAT,5
2581,JFK-SAV,JFK,SAV,17
2582,JFK-SEA,JFK,SEA,41
2583,JFK-SFO,JFK,SFO,97
2584,JFK-SJU,JFK,SJU,40
2585,JFK-SLC,JFK,SLC,33
2586,JFK-SMF,JFK,SMF,2
2587,JFK-SNA,JFK,SNA,7
2588,JFK-SRQ,JFK,SRQ,10
2589,JFK-STT,JFK,STT,7
2590,JFK-SYR,JFK,SYR,21
2591,JFK-TPA,JFK,TPA,37
2592,JLN-DEC,JLN,DEC,6
2593,JLN-DEN,JLN,DEN,4
2594,JMS-DEN,JMS,DEN,2
2595,JMS-DVL,JMS,DVL,7
2596,JNU-ANC,JNU,ANC,12
2597,JNU-KTN,JNU,KTN,4
2598,JNU-PSG,JNU,PSG,7
2599,JNU-SEA,JNU,SEA,16
2600,JNU-SIT,JNU,SIT,14
2601,JNU-YAK,JNU,YAK,8
2602,JST-IAD,JST,IAD,3
2603,JST-ORD,JST,ORD,3
2604,KOA-ANC,KOA,ANC,6
2605,KOA-DEN,KOA,DEN,10
2606,KOA-HNL,KOA,HNL,116
2607,KOA-LAS,KOA,LAS,7
2608,KOA-LAX,KOA,LAX,27
2609,KOA-LIH,KOA,LIH,6
2610,KOA-OAK,KOA,OAK,4
2611,KOA-OGG,KOA,OGG,20
2612,KOA-PDX,KOA,PDX,3
2613,KOA-PHX,KOA,PHX,10
2614,KOA-SAN,KOA,SAN,2
2615,KOA-SEA,KOA,SEA,19
2616,KOA-SFO,KOA,SFO,11
2617,KOA-SJC,KOA,SJC,4
2618,KTN-JNU,KTN,JNU,7
2619,KTN-SEA,KTN,SEA,17
2620,KTN-SIT,KTN,SIT,3
2621,KTN-WRG,KTN,WRG,5
2622,LAN-DCA,LAN,DCA,3
2623,LAN-DTW,LAN,DTW,18
2624,LAR-DEN,LAR,DEN,6
2625,LAS-ABQ,LAS,ABQ,31
2626,LAS-AMA,LAS,AMA,8
2627,LAS-ANC,LAS,ANC,4
2628,LAS-ATL,LAS,ATL,70
2629,LAS-ATW,LAS,ATW,2
2630,LAS-AUS,LAS,AUS,47
2631,LAS-AVL,LAS,AVL,4
2632,LAS-BHM,LAS,BHM,7
2633,LAS-BIL,LAS,BIL,1
2634,LAS-BLI,LAS,BLI,9
2635,LAS-BNA,LAS,BNA,23
2636,LAS-BOI,LAS,BOI,29
2637,LAS-BOS,LAS,BOS,20
2638,LAS-BUF,LAS,BUF,4
2639,LAS-BUR,LAS,BUR,64
2640,LAS-BWI,LAS,BWI,27
2641,LAS-BZN,LAS,BZN,10
2642,LAS-CHS,LAS,CHS,5
2643,LAS-CID,LAS,CID,1
2644,LAS-CLE,LAS,CLE,4
2645,LAS-CLT,LAS,CLT,42
2646,LAS-CMH,LAS,CMH,19
2647,LAS-COS,LAS,COS,16
2648,LAS-CVG,LAS,CVG,11
2649,LAS-DAL,LAS,DAL,50
2650,LAS-DCA,LAS,DCA,8
2651,LAS-DEN,LAS,DEN,109
2652,LAS-DFW,LAS,DFW,82
2653,LAS-DSM,LAS,DSM,10
2654,LAS-DTW,LAS,DTW,33
2655,LAS-ELP,LAS,ELP,13
2656,LAS-EUG,LAS,EUG,9
2657,LAS-EWR,LAS,EWR,50
2658,LAS-FAR,LAS,FAR,2
2659,LAS-FAT,LAS,FAT,18
2660,LAS-FCA,LAS,FCA,1
2661,LAS-FLL,LAS,FLL,10
2662,LAS-FNT,LAS,FNT,2
2663,LAS-FSD,LAS,FSD,4
2664,LAS-GEG,LAS,GEG,7
2665,LAS-GFK,LAS,GFK,3
2666,LAS-GRI,LAS,GRI,2
2667,LAS-GRR,LAS,GRR,3
2668,LAS-GTF,LAS,GTF,2
2669,LAS-HNL,LAS,HNL,17
2670,LAS-HOU,LAS,HOU,24
2671,LAS-IAD,LAS,IAD,9
2672,LAS-IAH,LAS,IAH,54
2673,LAS-ICT,LAS,ICT,4
2674,LAS-IDA,LAS,IDA,5
2675,LAS-IND,LAS,IND,22
2676,LAS-JFK,LAS,JFK,46
2677,LAS-KOA,LAS,KOA,2
2678,LAS-LAX,LAS,LAX,137
2679,LAS-LBB,LAS,LBB,5
2680,LAS-LGA,LAS,LGA,1
2681,LAS-LGB,LAS,LGB,44
2682,LAS-LIT,LAS,LIT,5
2683,LAS-LRD,LAS,LRD,1
2684,LAS-MAF,LAS,MAF,3
2685,LAS-MCI,LAS,MCI,28
2686,LAS-MCO,LAS,MCO,17
2687,LAS-MDW,LAS,MDW,54
2688,LAS-MEM,LAS,MEM,3
2689,LAS-MFE,LAS,MFE,5
2690,LAS-MFR,LAS,MFR,1
2691,LAS-MIA,LAS,MIA,23
2692,LAS-MKE,LAS,MKE,28
2693,LAS-MLI,LAS,MLI,3
2694,LAS-MOT,LAS,MOT,2
2695,LAS-MSO,LAS,MSO,3
2696,LAS-MSP,LAS,MSP,51
2697,LAS-MSY,LAS,MSY,15
2698,LAS-OAK,LAS,OAK,73
2699,LAS-OGG,LAS,OGG,12
2700,LAS-OKC,LAS,OKC,17
2701,LAS-OMA,LAS,OMA,18
2702,LAS-ONT,LAS,ONT,47
2703,LAS-ORD,LAS,ORD,87
2704,LAS-PAE,LAS,PAE,2
2705,LAS-PDX,LAS,PDX,65
2706,LAS-PHL,LAS,PHL,20
2707,LAS-PHX,LAS,PHX,86
2708,LAS-PIA,LAS,PIA,2
2709,LAS-PIT,LAS,PIT,6
2710,LAS-PSC,LAS,PSC,1
2711,LAS-PSP,LAS,PSP,7
2712,LAS-PVU,LAS,PVU,3
2713,LAS-RAP,LAS,RAP,4
2714,LAS-RDU,LAS,RDU,5
2715,LAS-RFD,LAS,RFD,1
2716,LAS-RIC,LAS,RIC,1
2717,LAS-RNO,LAS,RNO,73
2718,LAS-SAN,LAS,SAN,93
2719,LAS-SAT,LAS,SAT,36
2720,LAS-SBA,LAS,SBA,14
2721,LAS-SBP,LAS,SBP,4
2722,LAS-SCK,LAS,SCK,3
2723,LAS-SDF,LAS,SDF,9
2724,LAS-SEA,LAS,SEA,105
2725,LAS-SFO,LAS,SFO,77
2726,LAS-SGF,LAS,SGF,3
2727,LAS-SHV,LAS,SHV,2
2728,LAS-SJC,LAS,SJC,72
2729,LAS-SLC,LAS,SLC,72
2730,LAS-SMF,LAS,SMF,74
2731,LAS-SMX,LAS,SMX,3
2732,LAS-SNA,LAS,SNA,51
2733,LAS-STL,LAS,STL,30
2734,LAS-TPA,LAS,TPA,17
2735,LAS-TUL,LAS,TUL,11
2736,LAS-TUS,LAS,TUS,23
2737,LAS-TYS,LAS,TYS,1
2738,LAS-VPS,LAS,VPS,1
2739,LAS-XNA,LAS,XNA,4
2740,LAW-DFW,LAW,DFW,18
2741,LAX-ABQ,LAX,ABQ,36
2742,LAX-ACV,LAX,ACV,5
2743,LAX-ANC,LAX,ANC,6
2744,LAX-ASE,LAX,ASE,25
2745,LAX-ATL,LAX,ATL,72
2746,LAX-AUS,LAX,AUS,55
2747,LAX-BHM,LAX,BHM,1
2748,LAX-BLI,LAX,BLI,1
2749,LAX-BNA,LAX,BNA,29
2750,LAX-BOI,LAX,BOI,10
2751,LAX-BOS,LAX,BOS,45
2752,LAX-BUF,LAX,BUF,7
2753,LAX-BWI,LAX,BWI,21
2754,LAX-BZN,LAX,BZN,16
2755,LAX-CLE,LAX,CLE,7
2756,LAX-CLT,LAX,CLT,41
2757,LAX-CMH,LAX,CMH,3
2758,LAX-CVG,LAX,CVG,5
2759,LAX-DAL,LAX,DAL,38
2760,LAX-DCA,LAX,DCA,25
2761,LAX-DEN,LAX,DEN,127
2762,LAX-DFW,LAX,DFW,116
2763,LAX-DTW,LAX,DTW,30
2764,LAX-EGE,LAX,EGE,13
2765,LAX-ELP,LAX,ELP,21
2766,LAX-EUG,LAX,EUG,3
2767,LAX-EWR,LAX,EWR,82
2768,LAX-FAT,LAX,FAT,9
2769,LAX-FLL,LAX,FLL,33
2770,LAX-GEG,LAX,GEG,7
2771,LAX-HDN,LAX,HDN,4
2772,LAX-HNL,LAX,HNL,91
2773,LAX-HOU,LAX,HOU,12
2774,LAX-IAD,LAX,IAD,26
2775,LAX-IAH,LAX,IAH,74
2776,LAX-IND,LAX,IND,7
2777,LAX-JAC,LAX,JAC,13
2778,LAX-JFK,LAX,JFK,136
2779,LAX-KOA,LAX,KOA,25
2780,LAX-LAS,LAX,LAS,123
2781,LAX-LIH,LAX,LIH,19
2782,LAX-MCI,LAX,MCI,18
2783,LAX-MCO,LAX,MCO,35
2784,LAX-MDW,LAX,MDW,14
2785,LAX-MEM,LAX,MEM,11
2786,LAX-MFR,LAX,MFR,2
2787,LAX-MIA,LAX,MIA,68
2788,LAX-MRY,LAX,MRY,9
2789,LAX-MSP,LAX,MSP,31
2790,LAX-MSY,LAX,MSY,26
2791,LAX-OAK,LAX,OAK,63
2792,LAX-OGG,LAX,OGG,23
2793,LAX-OKC,LAX,OKC,12
2794,LAX-OMA,LAX,OMA,6
2795,LAX-ORD,LAX,ORD,102
2796,LAX-PAE,LAX,PAE,6
2797,LAX-PBI,LAX,PBI,2
2798,LAX-PDX,LAX,PDX,51
2799,LAX-PHL,LAX,PHL,44
2800,LAX-PHX,LAX,PHX,94
2801,LAX-PIT,LAX,PIT,1
2802,LAX-PRC,LAX,PRC,5
2803,LAX-PSP,LAX,PSP,4
2804,LAX-RDD,LAX,RDD,4
2805,LAX-RDM,LAX,RDM,10
2806,LAX-RDU,LAX,RDU,10
2807,LAX-RNO,LAX,RNO,40
2808,LAX-RSW,LAX,RSW,6
2809,LAX-SAN,LAX,SAN,29
2810,LAX-SAT,LAX,SAT,31
2811,LAX-SBA,LAX,SBA,13
2812,LAX-SBP,LAX,SBP,4
2813,LAX-SDF,LAX,SDF,1
2814,LAX-SEA,LAX,SEA,105
2815,LAX-SFO,LAX,SFO,157
2816,LAX-SGF,LAX,SGF,1
2817,LAX-SJC,LAX,SJC,82
2818,LAX-SLC,LAX,SLC,82
2819,LAX-SMF,LAX,SMF,69
2820,LAX-STL,LAX,STL,18
2821,LAX-STS,LAX,STS,7
2822,LAX-SUN,LAX,SUN,7
2823,LAX-TPA,LAX,TPA,21
2824,LAX-TUL,LAX,TUL,5
2825,LAX-TUS,LAX,TUS,39
2826,LAX-XNA,LAX,XNA,6
2827,LBB-AUS,LBB,AUS,6
2828,LBB-DAL,LBB,DAL,27
2829,LBB-DEN,LBB,DEN,15
2830,LBB-DFW,LBB,DFW,32
2831,LBB-HOU,LBB,HOU,2
2832,LBB-LAS,LBB,LAS,5
2833,LBB-PHX,LBB,PHX,4
2834,LBE-MCO,LBE,MCO,6
2835,LBF-DEN,LBF,DEN,12
2836,LBL-DDC,LBL,DDC,2
2837,LCH-DFW,LCH,DFW,16
2838,LCK-PGD,LCK,PGD,5
2839,LCK-PIE,LCK,PIE,2
2840,LEX-ATL,LEX,ATL,29
2841,LEX-CLT,LEX,CLT,32
2842,LEX-DCA,LEX,DCA,3
2843,LEX-DEN,LEX,DEN,4
2844,LEX-DFW,LEX,DFW,11
2845,LEX-DTW,LEX,DTW,8
2846,LEX-LAS,LEX,LAS,2
2847,LEX-ORD,LEX,ORD,21
2848,LEX-PGD,LEX,PGD,1
2849,LEX-PIE,LEX,PIE,2
2850,LEX-SFB,LEX,SFB,2
2851,LFT-ATL,LFT,ATL,16
2852,LFT-CLT,LFT,CLT,2
2853,LFT-DFW,LFT,DFW,14
2854,LGA-ALB,LGA,ALB,14
2855,LGA-ATL,LGA,ATL,120
2856,LGA-AVL,LGA,AVL,11
2857,LGA-BDL,LGA,BDL,5
2858,LGA-BGR,LGA,BGR,3
2859,LGA-BHM,LGA,BHM,16
2860,LGA-BNA,LGA,BNA,55
2861,LGA-BOS,LGA,BOS,134
2862,LGA-BTV,LGA,BTV,8
2863,LGA-BUF,LGA,BUF,31
2864,LGA-CAE,LGA,CAE,10
2865,LGA-CHO,LGA,CHO,21
2866,LGA-CHS,LGA,CHS,20
2867,LGA-CLE,LGA,CLE,34
2868,LGA-CLT,LGA,CLT,80
2869,LGA-CMH,LGA,CMH,39
2870,LGA-CVG,LGA,CVG,34
2871,LGA-DAL,LGA,DAL,18
2872,LGA-DAY,LGA,DAY,6
2873,LGA-DCA,LGA,DCA,58
2874,LGA-DEN,LGA,DEN,82
2875,LGA-DFW,LGA,DFW,96
2876,LGA-DSM,LGA,DSM,18
2877,LGA-DTW,LGA,DTW,67
2878,LGA-EYW,LGA,EYW,16
2879,LGA-FLL,LGA,FLL,88
2880,LGA-GRR,LGA,GRR,13
2881,LGA-GSO,LGA,GSO,13
2882,LGA-GSP,LGA,GSP,26
2883,LGA-HOU,LGA,HOU,17
2884,LGA-IAD,LGA,IAD,38
2885,LGA-IAH,LGA,IAH,34
2886,LGA-ILM,LGA,ILM,18
2887,LGA-IND,LGA,IND,40
2888,LGA-JAX,LGA,JAX,11
2889,LGA-LIT,LGA,LIT,12
2890,LGA-MCI,LGA,MCI,37
2891,LGA-MCO,LGA,MCO,90
2892,LGA-MDW,LGA,MDW,33
2893,LGA-MEM,LGA,MEM,14
2894,LGA-MIA,LGA,MIA,104
2895,LGA-MKE,LGA,MKE,13
2896,LGA-MSN,LGA,MSN,8
2897,LGA-MSP,LGA,MSP,37
2898,LGA-MSY,LGA,MSY,31
2899,LGA-MYR,LGA,MYR,9
2900,LGA-OKC,LGA,OKC,16
2901,LGA-OMA,LGA,OMA,23
2902,LGA-ORD,LGA,ORD,135
2903,LGA-ORF,LGA,ORF,22
2904,LGA-ORH,LGA,ORH,5
2905,LGA-PBI,LGA,PBI,53
2906,LGA-PHL,LGA,PHL,8
2907,LGA-PHX,LGA,PHX,1
2908,LGA-PIT,LGA,PIT,58
2909,LGA-PNS,LGA,PNS,5
2910,LGA-PVD,LGA,PVD,10
2911,LGA-PWM,LGA,PWM,16
2912,LGA-RDU,LGA,RDU,57
2913,LGA-RIC,LGA,RIC,29
2914,LGA-ROA,LGA,ROA,7
2915,LGA-ROC,LGA,ROC,8
2916,LGA-RSW,LGA,RSW,19
2917,LGA-SAV,LGA,SAV,12
2918,LGA-SDF,LGA,SDF,23
2919,LGA-SLC,LGA,SLC,1
2920,LGA-SRQ,LGA,SRQ,16
2921,LGA-STL,LGA,STL,48
2922,LGA-SYR,LGA,SYR,19
2923,LGA-TPA,LGA,TPA,42
2924,LGA-TUL,LGA,TUL,3
2925,LGA-TYS,LGA,TYS,18
2926,LGA-XNA,LGA,XNA,11
2927,LGB-ABQ,LGB,ABQ,3
2928,LGB-AUS,LGB,AUS,6
2929,LGB-BNA,LGB,BNA,6
2930,LGB-COS,LGB,COS,3
2931,LGB-DAL,LGB,DAL,7
2932,LGB-DEN,LGB,DEN,13
2933,LGB-ELP,LGB,ELP,2
2934,LGB-HNL,LGB,HNL,14
2935,LGB-HOU,LGB,HOU,8
2936,LGB-LAS,LGB,LAS,42
2937,LGB-MCI,LGB,MCI,7
2938,LGB-MDW,LGB,MDW,5
2939,LGB-OAK,LGB,OAK,28
2940,LGB-PHX,LGB,PHX,21
2941,LGB-RNO,LGB,RNO,10
2942,LGB-SJC,LGB,SJC,15
2943,LGB-SLC,LGB,SLC,25
2944,LGB-SMF,LGB,SMF,39
2945,LGB-STL,LGB,STL,6
2946,LIH-DEN,LIH,DEN,8
2947,LIH-HNL,LIH,HNL,130
2948,LIH-KOA,LIH,KOA,9
2949,LIH-LAS,LIH,LAS,6
2950,LIH-LAX,LIH,LAX,19
2951,LIH-OAK,LIH,OAK,15
2952,LIH-OGG,LIH,OGG,22
2953,LIH-PDX,LIH,PDX,6
2954,LIH-PHX,LIH,PHX,4
2955,LIH-SAN,LIH,SAN,4
2956,LIH-SEA,LIH,SEA,14
2957,LIH-SFO,LIH,SFO,6
2958,LIH-SJC,LIH,SJC,1
2959,LIT-ATL,LIT,ATL,41
2960,LIT-CLT,LIT,CLT,24
2961,LIT-DAL,LIT,DAL,13
2962,LIT-DCA,LIT,DCA,5
2963,LIT-DEN,LIT,DEN,5
2964,LIT-DFW,LIT,DFW,38
2965,LIT-LAS,LIT,LAS,6
2966,LIT-LGA,LIT,LGA,10
2967,LIT-ORD,LIT,ORD,20
2968,LIT-SFB,LIT,SFB,1
2969,LIT-STL,LIT,STL,9
2970,LNK-ORD,LNK,ORD,5
2971,LRD-DFW,LRD,DFW,29
2972,LRD-LAS,LRD,LAS,1
2973,LSE-ORD,LSE,ORD,1
2974,LWS-DEN,LWS,DEN,4
2975,LWS-SEA,LWS,SEA,9
2976,LWS-SLC,LWS,SLC,5
2977,MAF-AUS,MAF,AUS,2
2978,MAF-DAL,MAF,DAL,27
2979,MAF-DEN,MAF,DEN,23
2980,MAF-DFW,MAF,DFW,50
2981,MAF-HOU,MAF,HOU,22
2982,MAF-IAH,MAF,IAH,10
2983,MAF-LAS,MAF,LAS,7
2984,MAF-PHX,MAF,PHX,3
2985,MBS-DTW,MBS,DTW,21
2986,MBS-ORD,MBS,ORD,17
2987,MCI-ABQ,MCI,ABQ,8
2988,MCI-ATL,MCI,ATL,44
2989,MCI-AUS,MCI,AUS,13
2990,MCI-BNA,MCI,BNA,15
2991,MCI-BOS,MCI,BOS,5
2992,MCI-BWI,MCI,BWI,10
2993,MCI-CLT,MCI,CLT,14
2994,MCI-DAL,MCI,DAL,26
2995,MCI-DCA,MCI,DCA,35
2996,MCI-DEN,MCI,DEN,65
2997,MCI-DFW,MCI,DFW,36
2998,MCI-DTW,MCI,DTW,10
2999,MCI-FLL,MCI,FLL,5
3000,MCI-HOU,MCI,HOU,15
3001,MCI-IAH,MCI,IAH,6
3002,MCI-IND,MCI,IND,8
3003,MCI-JFK,MCI,JFK,13
3004,MCI-LAS,MCI,LAS,35
3005,MCI-LAX,MCI,LAX,13
3006,MCI-LGA,MCI,LGA,23
3007,MCI-LGB,MCI,LGB,4
3008,MCI-MCO,MCI,MCO,33
3009,MCI-MDW,MCI,MDW,28
3010,MCI-MIA,MCI,MIA,10
3011,MCI-MKE,MCI,MKE,7
3012,MCI-MSP,MCI,MSP,31
3013,MCI-MSY,MCI,MSY,11
3014,MCI-OAK,MCI,OAK,3
3015,MCI-ORD,MCI,ORD,30
3016,MCI-PGD,MCI,PGD,2
3017,MCI-PHL,MCI,PHL,3
3018,MCI-PHX,MCI,PHX,23
3019,MCI-RSW,MCI,RSW,2
3020,MCI-SAN,MCI,SAN,7
3021,MCI-SAT,MCI,SAT,1
3022,MCI-SEA,MCI,SEA,7
3023,MCI-SFO,MCI,SFO,5
3024,MCI-SLC,MCI,SLC,21
3025,MCI-STL,MCI,STL,14
3026,MCI-TPA,MCI,TPA,5
3027,MCO-ACY,MCO,ACY,16
3028,MCO-ALB,MCO,ALB,16
3029,MCO-ATL,MCO,ATL,141
3030,MCO-AUS,MCO,AUS,40
3031,MCO-BDL,MCO,BDL,29
3032,MCO-BHM,MCO,BHM,8
3033,MCO-BNA,MCO,BNA,42
3034,MCO-BOS,MCO,BOS,87
3035,MCO-BQN,MCO,BQN,8
3036,MCO-BUF,MCO,BUF,27
3037,MCO-BWI,MCO,BWI,101
3038,MCO-CLE,MCO,CLE,60
3039,MCO-CLT,MCO,CLT,92
3040,MCO-CMH,MCO,CMH,33
3041,MCO-CVG,MCO,CVG,24
3042,MCO-DAL,MCO,DAL,44
3043,MCO-DCA,MCO,DCA,63
3044,MCO-DEN,MCO,DEN,100
3045,MCO-DFW,MCO,DFW,77
3046,MCO-DSM,MCO,DSM,4
3047,MCO-DTW,MCO,DTW,72
3048,MCO-EWR,MCO,EWR,114
3049,MCO-FLL,MCO,FLL,27
3050,MCO-GRB,MCO,GRB,1
3051,MCO-GRR,MCO,GRR,10
3052,MCO-HOU,MCO,HOU,34
3053,MCO-HPN,MCO,HPN,16
3054,MCO-IAD,MCO,IAD,25
3055,MCO-IAH,MCO,IAH,47
3056,MCO-IND,MCO,IND,34
3057,MCO-ISP,MCO,ISP,25
3058,MCO-JFK,MCO,JFK,57
3059,MCO-LAS,MCO,LAS,24
3060,MCO-LAX,MCO,LAX,49
3061,MCO-LBE,MCO,LBE,10
3062,MCO-LGA,MCO,LGA,104
3063,MCO-MCI,MCO,MCI,25
3064,MCO-MDT,MCO,MDT,2
3065,MCO-MDW,MCO,MDW,56
3066,MCO-MEM,MCO,MEM,9
3067,MCO-MHT,MCO,MHT,8
3068,MCO-MIA,MCO,MIA,56
3069,MCO-MKE,MCO,MKE,29
3070,MCO-MSN,MCO,MSN,5
3071,MCO-MSP,MCO,MSP,37
3072,MCO-MSY,MCO,MSY,47
3073,MCO-MYR,MCO,MYR,6
3074,MCO-OKC,MCO,OKC,5
3075,MCO-OMA,MCO,OMA,5
3076,MCO-ORD,MCO,ORD,78
3077,MCO-ORF,MCO,ORF,15
3078,MCO-ORH,MCO,ORH,4
3079,MCO-PDX,MCO,PDX,9
3080,MCO-PHL,MCO,PHL,96
3081,MCO-PHX,MCO,PHX,17
3082,MCO-PIT,MCO,PIT,48
3083,MCO-PNS,MCO,PNS,4
3084,MCO-PSE,MCO,PSE,14
3085,MCO-PVD,MCO,PVD,20
3086,MCO-PWM,MCO,PWM,5
3087,MCO-RDU,MCO,RDU,48
3088,MCO-RIC,MCO,RIC,8
3089,MCO-ROC,MCO,ROC,6
3090,MCO-RSW,MCO,RSW,1
3091,MCO-SAN,MCO,SAN,6
3092,MCO-SAT,MCO,SAT,19
3093,MCO-SDF,MCO,SDF,10
3094,MCO-SEA,MCO,SEA,31
3095,MCO-SFO,MCO,SFO,16
3096,MCO-SJU,MCO,SJU,93
3097,MCO-SLC,MCO,SLC,39
3098,MCO-STL,MCO,STL,42
3099,MCO-STT,MCO,STT,13
3100,MCO-SYR,MCO,SYR,14
3101,MCO-TTN,MCO,TTN,12
3102,MCO-TYS,MCO,TYS,1
3103,MCW-FOD,MCW,FOD,6
3104,MCW-ORD,MCW,ORD,4
3105,MDT-ATL,MDT,ATL,11
3106,MDT-CLT,MDT,CLT,8
3107,MDT-DFW,MDT,DFW,5
3108,MDT-DTW,MDT,DTW,9
3109,MDT-EWR,MDT,EWR,6
3110,MDT-FLL,MDT,FLL,1
3111,MDT-MCO,MDT,MCO,2
3112,MDT-ORD,MDT,ORD,11
3113,MDT-PGD,MDT,PGD,1
3114,MDT-SFB,MDT,SFB,3
3115,MDT-SRQ,MDT,SRQ,1
3116,MDW-ABQ,MDW,ABQ,2
3117,MDW-ALB,MDW,ALB,6
3118,MDW-ATL,MDW,ATL,34
3119,MDW-AUS,MDW,AUS,21
3120,MDW-AVL,MDW,AVL,2
3121,MDW-BDL,MDW,BDL,10
3122,MDW-BHM,MDW,BHM,12
3123,MDW-BNA,MDW,BNA,20
3124,MDW-BOS,MDW,BOS,18
3125,MDW-BUF,MDW,BUF,10
3126,MDW-BWI,MDW,BWI,21
3127,MDW-CHS,MDW,CHS,7
3128,MDW-CLE,MDW,CLE,16
3129,MDW-CLT,MDW,CLT,10
3130,MDW-CMH,MDW,CMH,21
3131,MDW-COS,MDW,COS,4
3132,MDW-CVG,MDW,CVG,13
3133,MDW-DAL,MDW,DAL,28
3134,MDW-DCA,MDW,DCA,31
3135,MDW-DEN,MDW,DEN,46
3136,MDW-DFW,MDW,DFW,6
3137,MDW-DTW,MDW,DTW,46
3138,MDW-FLL,MDW,FLL,17
3139,MDW-GRR,MDW,GRR,18
3140,MDW-HOU,MDW,HOU,25
3141,MDW-IAD,MDW,IAD,6
3142,MDW-IAH,MDW,IAH,10
3143,MDW-JAX,MDW,JAX,3
3144,MDW-LAS,MDW,LAS,27
3145,MDW-LAX,MDW,LAX,17
3146,MDW-LGA,MDW,LGA,41
3147,MDW-LGB,MDW,LGB,11
3148,MDW-MCI,MDW,MCI,23
3149,MDW-MCO,MDW,MCO,49
3150,MDW-MEM,MDW,MEM,11
3151,MDW-MHT,MDW,MHT,4
3152,MDW-MIA,MDW,MIA,21
3153,MDW-MSP,MDW,MSP,38
3154,MDW-MSY,MDW,MSY,10
3155,MDW-MYR,MDW,MYR,5
3156,MDW-OAK,MDW,OAK,9
3157,MDW-OKC,MDW,OKC,6
3158,MDW-OMA,MDW,OMA,21
3159,MDW-ONT,MDW,ONT,5
3160,MDW-ORF,MDW,ORF,3
3161,MDW-PDX,MDW,PDX,6
3162,MDW-PGD,MDW,PGD,2
3163,MDW-PHL,MDW,PHL,26
3164,MDW-PHX,MDW,PHX,43
3165,MDW-PIT,MDW,PIT,18
3166,MDW-PVD,MDW,PVD,7
3167,MDW-PVU,MDW,PVU,1
3168,MDW-RDU,MDW,RDU,15
3169,MDW-RIC,MDW,RIC,4
3170,MDW-ROC,MDW,ROC,7
3171,MDW-RSW,MDW,RSW,17
3172,MDW-SAN,MDW,SAN,7
3173,MDW-SAT,MDW,SAT,10
3174,MDW-SAV,MDW,SAV,5
3175,MDW-SDF,MDW,SDF,17
3176,MDW-SEA,MDW,SEA,10
3177,MDW-SFO,MDW,SFO,1
3178,MDW-SJC,MDW,SJC,8
3179,MDW-SJU,MDW,SJU,9
3180,MDW-SLC,MDW,SLC,10
3181,MDW-SMF,MDW,SMF,5
3182,MDW-SRQ,MDW,SRQ,3
3183,MDW-STL,MDW,STL,26
3184,MDW-TPA,MDW,TPA,19
3185,MDW-TUL,MDW,TUL,8
3186,MDW-VPS,MDW,VPS,2
3187,MEI-IAH,MEI,IAH,10
3188,MEM-ATL,MEM,ATL,40
3189,MEM-AUS,MEM,AUS,1
3190,MEM-BOS,MEM,BOS,9
3191,MEM-BWI,MEM,BWI,1
3192,MEM-CLT,MEM,CLT,28
3193,MEM-DAL,MEM,DAL,4
3194,MEM-DCA,MEM,DCA,17
3195,MEM-DEN,MEM,DEN,16
3196,MEM-DFW,MEM,DFW,40
3197,MEM-DTW,MEM,DTW,9
3198,MEM-FLL,MEM,FLL,2
3199,MEM-HOU,MEM,HOU,7
3200,MEM-IAH,MEM,IAH,5
3201,MEM-LAS,MEM,LAS,7
3202,MEM-LAX,MEM,LAX,14
3203,MEM-LGA,MEM,LGA,18
3204,MEM-MCO,MEM,MCO,10
3205,MEM-MDW,MEM,MDW,12
3206,MEM-MIA,MEM,MIA,5
3207,MEM-MSP,MEM,MSP,9
3208,MEM-ORD,MEM,ORD,23
3209,MEM-PHL,MEM,PHL,4
3210,MEM-PHX,MEM,PHX,5
3211,MEM-SLC,MEM,SLC,10
3212,MFE-DFW,MFE,DFW,37
3213,MFE-IAH,MFE,IAH,10
3214,MFE-LAS,MFE,LAS,4
3215,MFE-SFB,MFE,SFB,1
3216,MFR-AZA,MFR,AZA,2
3217,MFR-DEN,MFR,DEN,9
3218,MFR-LAS,MFR,LAS,2
3219,MFR-PHX,MFR,PHX,13
3220,MFR-SEA,MFR,SEA,14
3221,MFR-SFO,MFR,SFO,15
3222,MFR-SLC,MFR,SLC,11
3223,MFR-SNA,MFR,SNA,1
3224,MGM-ATL,MGM,ATL,16
3225,MGM-DCA,MGM,DCA,3
3226,MGM-DFW,MGM,DFW,15
3227,MHK-DFW,MHK,DFW,11
3228,MHT-BWI,MHT,BWI,21
3229,MHT-CLT,MHT,CLT,13
3230,MHT-DCA,MHT,DCA,14
3231,MHT-EWR,MHT,EWR,2
3232,MHT-MCO,MHT,MCO,10
3233,MHT-MDW,MHT,MDW,7
3234,MIA-ALB,MIA,ALB,1
3235,MIA-ATL,MIA,ATL,119
3236,MIA-AUS,MIA,AUS,23
3237,MIA-BDL,MIA,BDL,7
3238,MIA-BHM,MIA,BHM,10
3239,MIA-BNA,MIA,BNA,49
3240,MIA-BOS,MIA,BOS,64
3241,MIA-BUF,MIA,BUF,1
3242,MIA-BWI,MIA,BWI,42
3243,MIA-CHS,MIA,CHS,13
3244,MIA-CID,MIA,CID,1
3245,MIA-CLE,MIA,CLE,5
3246,MIA-CLT,MIA,CLT,49
3247,MIA-CMH,MIA,CMH,12
3248,MIA-CVG,MIA,CVG,24
3249,MIA-DAL,MIA,DAL,7
3250,MIA-DCA,MIA,DCA,60
3251,MIA-DEN,MIA,DEN,29
3252,MIA-DFW,MIA,DFW,89
3253,MIA-DSM,MIA,DSM,5
3254,MIA-DTW,MIA,DTW,24
3255,MIA-EGE,MIA,EGE,7
3256,MIA-EWR,MIA,EWR,82
3257,MIA-EYW,MIA,EYW,13
3258,MIA-GNV,MIA,GNV,5
3259,MIA-GRR,MIA,GRR,8
3260,MIA-GSO,MIA,GSO,6
3261,MIA-GSP,MIA,GSP,8
3262,MIA-HOU,MIA,HOU,18
3263,MIA-HPN,MIA,HPN,7
3264,MIA-IAD,MIA,IAD,6
3265,MIA-IAH,MIA,IAH,53
3266,MIA-ICT,MIA,ICT,1
3267,MIA-ILM,MIA,ILM,2
3268,MIA-IND,MIA,IND,14
3269,MIA-JAX,MIA,JAX,37
3270,MIA-JFK,MIA,JFK,88
3271,MIA-LAS,MIA,LAS,31
3272,MIA-LAX,MIA,LAX,75
3273,MIA-LEX,MIA,LEX,2
3274,MIA-LGA,MIA,LGA,93
3275,MIA-MCI,MIA,MCI,6
3276,MIA-MCO,MIA,MCO,66
3277,MIA-MDW,MIA,MDW,13
3278,MIA-MEM,MIA,MEM,7
3279,MIA-MKE,MIA,MKE,7
3280,MIA-MSP,MIA,MSP,30
3281,MIA-MSY,MIA,MSY,29
3282,MIA-OKC,MIA,OKC,6
3283,MIA-OMA,MIA,OMA,10
3284,MIA-ORD,MIA,ORD,79
3285,MIA-ORF,MIA,ORF,18
3286,MIA-PDX,MIA,PDX,8
3287,MIA-PHL,MIA,PHL,43
3288,MIA-PHX,MIA,PHX,37
3289,MIA-PIT,MIA,PIT,17
3290,MIA-PNS,MIA,PNS,15
3291,MIA-RDU,MIA,RDU,35
3292,MIA-RIC,MIA,RIC,8
3293,MIA-SAN,MIA,SAN,9
3294,MIA-SAT,MIA,SAT,7
3295,MIA-SAV,MIA,SAV,18
3296,MIA-SDF,MIA,SDF,10
3297,MIA-SEA,MIA,SEA,12
3298,MIA-SFO,MIA,SFO,25
3299,MIA-SJU,MIA,SJU,33
3300,MIA-SLC,MIA,SLC,22
3301,MIA-SMF,MIA,SMF,6
3302,MIA-SNA,MIA,SNA,2
3303,MIA-STL,MIA,STL,26
3304,MIA-STT,MIA,STT,16
3305,MIA-STX,MIA,STX,8
3306,MIA-TLH,MIA,TLH,18
3307,MIA-TPA,MIA,TPA,29
3308,MIA-TYS,MIA,TYS,4
3309,MIA-XNA,MIA,XNA,4
3310,MKE-ATL,MKE,ATL,38
3311,MKE-BNA,MKE,BNA,13
3312,MKE-BOS,MKE,BOS,6
3313,MKE-BWI,MKE,BWI,12
3314,MKE-CLT,MKE,CLT,15
3315,MKE-DAL,MKE,DAL,8
3316,MKE-DCA,MKE,DCA,23
3317,MKE-DEN,MKE,DEN,38
3318,MKE-DFW,MKE,DFW,17
3319,MKE-DTW,MKE,DTW,17
3320,MKE-EWR,MKE,EWR,10
3321,MKE-FLL,MKE,FLL,3
3322,MKE-IAH,MKE,IAH,4
3323,MKE-JFK,MKE,JFK,10
3324,MKE-LAS,MKE,LAS,21
3325,MKE-LGA,MKE,LGA,26
3326,MKE-MCI,MKE,MCI,5
3327,MKE-MCO,MKE,MCO,22
3328,MKE-MIA,MKE,MIA,3
3329,MKE-MSP,MKE,MSP,17
3330,MKE-ORD,MKE,ORD,37
3331,MKE-PHL,MKE,PHL,2
3332,MKE-PHX,MKE,PHX,17
3333,MKE-RSW,MKE,RSW,17
3334,MKE-SEA,MKE,SEA,3
3335,MKE-SLC,MKE,SLC,3
3336,MKE-STL,MKE,STL,10
3337,MKE-TPA,MKE,TPA,5
3338,MLB-ABE,MLB,ABE,4
3339,MLB-ATL,MLB,ATL,22
3340,MLB-BNA,MLB,BNA,3
3341,MLB-CLT,MLB,CLT,16
3342,MLB-PIT,MLB,PIT,2
3343,MLI-ATL,MLI,ATL,12
3344,MLI-AZA,MLI,AZA,1
3345,MLI-CLT,MLI,CLT,20
3346,MLI-DEN,MLI,DEN,6
3347,MLI-DFW,MLI,DFW,11
3348,MLI-LAS,MLI,LAS,2
3349,MLI-ORD,MLI,ORD,19
3350,MLI-PGD,MLI,PGD,3
3351,MLI-PIE,MLI,PIE,1
3352,MLU-ATL,MLU,ATL,8
3353,MLU-DFW,MLU,DFW,19
3354,MOB-ATL,MOB,ATL,28
3355,MOB-DFW,MOB,DFW,10
3356,MOT-AZA,MOT,AZA,1
3357,MOT-DEN,MOT,DEN,16
3358,MOT-LAS,MOT,LAS,1
3359,MOT-MSP,MOT,MSP,13
3360,MOT-SFB,MOT,SFB,1
3361,MQT-DTW,MQT,DTW,5
3362,MRY-DEN,MRY,DEN,4
3363,MRY-DFW,MRY,DFW,7
3364,MRY-LAS,MRY,LAS,2
3365,MRY-LAX,MRY,LAX,14
3366,MRY-PHX,MRY,PHX,20
3367,MRY-SAN,MRY,SAN,4
3368,MRY-SEA,MRY,SEA,2
3369,MRY-SFO,MRY,SFO,10
3370,MSN-ATL,MSN,ATL,21
3371,MSN-CLT,MSN,CLT,14
3372,MSN-DCA,MSN,DCA,13
3373,MSN-DEN,MSN,DEN,17
3374,MSN-DFW,MSN,DFW,22
3375,MSN-DTW,MSN,DTW,14
3376,MSN-EWR,MSN,EWR,8
3377,MSN-LGA,MSN,LGA,5
3378,MSN-MCO,MSN,MCO,5
3379,MSN-MIA,MSN,MIA,1
3380,MSN-MSP,MSN,MSP,21
3381,MSN-ORD,MSN,ORD,31
3382,MSN-PHL,MSN,PHL,1
3383,MSN-PHX,MSN,PHX,5
3384,MSO-AZA,MSO,AZA,2
3385,MSO-DEN,MSO,DEN,12
3386,MSO-DFW,MSO,DFW,8
3387,MSO-LAS,MSO,LAS,6
3388,MSO-MSP,MSO,MSP,9
3389,MSO-SEA,MSO,SEA,1
3390,MSO-SLC,MSO,SLC,17
3391,MSP-ABR,MSP,ABR,13
3392,MSP-ANC,MSP,ANC,5
3393,MSP-ATL,MSP,ATL,48
3394,MSP-ATW,MSP,ATW,12
3395,MSP-AUS,MSP,AUS,15
3396,MSP-AZA,MSP,AZA,2
3397,MSP-BDL,MSP,BDL,10
3398,MSP-BIL,MSP,BIL,5
3399,MSP-BIS,MSP,BIS,17
3400,MSP-BJI,MSP,BJI,14
3401,MSP-BNA,MSP,BNA,17
3402,MSP-BOI,MSP,BOI,22
3403,MSP-BOS,MSP,BOS,27
3404,MSP-BRD,MSP,BRD,15
3405,MSP-BWI,MSP,BWI,15
3406,MSP-BZN,MSP,BZN,8
3407,MSP-CID,MSP,CID,14
3408,MSP-CIU,MSP,CIU,10
3409,MSP-CLE,MSP,CLE,15
3410,MSP-CLT,MSP,CLT,32
3411,MSP-CMH,MSP,CMH,19
3412,MSP-CVG,MSP,CVG,23
3413,MSP-CWA,MSP,CWA,12
3414,MSP-DCA,MSP,DCA,32
3415,MSP-DEN,MSP,DEN,84
3416,MSP-DFW,MSP,DFW,36
3417,MSP-DLH,MSP,DLH,17
3418,MSP-DSM,MSP,DSM,15
3419,MSP-DTW,MSP,DTW,42
3420,MSP-ESC,MSP,ESC,5
3421,MSP-EWR,MSP,EWR,31
3422,MSP-FAR,MSP,FAR,21
3423,MSP-FCA,MSP,FCA,6
3424,MSP-FLL,MSP,FLL,11
3425,MSP-FSD,MSP,FSD,20
3426,MSP-FWA,MSP,FWA,6
3427,MSP-GEG,MSP,GEG,16
3428,MSP-GFK,MSP,GFK,17
3429,MSP-GRB,MSP,GRB,17
3430,MSP-GRR,MSP,GRR,23
3431,MSP-GTF,MSP,GTF,4
3432,MSP-HIB,MSP,HIB,9
3433,MSP-HNL,MSP,HNL,8
3434,MSP-HRL,MSP,HRL,9
3435,MSP-IAD,MSP,IAD,13
3436,MSP-IAH,MSP,IAH,30
3437,MSP-ICT,MSP,ICT,6
3438,MSP-IMT,MSP,IMT,5
3439,MSP-IND,MSP,IND,23
3440,MSP-INL,MSP,INL,8
3441,MSP-JAC,MSP,JAC,1
3442,MSP-JAX,MSP,JAX,3
3443,MSP-JFK,MSP,JFK,18
3444,MSP-LAS,MSP,LAS,45
3445,MSP-LAX,MSP,LAX,27
3446,MSP-LGA,MSP,LGA,35
3447,MSP-MCI,MSP,MCI,32
3448,MSP-MCO,MSP,MCO,37
3449,MSP-MDW,MSP,MDW,35
3450,MSP-MEM,MSP,MEM,14
3451,MSP-MIA,MSP,MIA,31
3452,MSP-MKE,MSP,MKE,23
3453,MSP-MOT,MSP,MOT,14
3454,MSP-MSN,MSP,MSN,24
3455,MSP-MSO,MSP,MSO,7
3456,MSP-MSY,MSP,MSY,4
3457,MSP-OKC,MSP,OKC,6
3458,MSP-OMA,MSP,OMA,24
3459,MSP-ORD,MSP,ORD,74
3460,MSP-PBI,MSP,PBI,4
3461,MSP-PDX,MSP,PDX,16
3462,MSP-PGD,MSP,PGD,1
3463,MSP-PHL,MSP,PHL,28
3464,MSP-PHX,MSP,PHX,45
3465,MSP-PIT,MSP,PIT,17
3466,MSP-PSC,MSP,PSC,6
3467,MSP-PSP,MSP,PSP,14
3468,MSP-RAP,MSP,RAP,20
3469,MSP-RDU,MSP,RDU,13
3470,MSP-RHI,MSP,RHI,7
3471,MSP-RST,MSP,RST,20
3472,MSP-RSW,MSP,RSW,28
3473,MSP-SAN,MSP,SAN,20
3474,MSP-SAT,MSP,SAT,8
3475,MSP-SBN,MSP,SBN,5
3476,MSP-SDF,MSP,SDF,11
3477,MSP-SEA,MSP,SEA,40
3478,MSP-SFO,MSP,SFO,21
3479,MSP-SJC,MSP,SJC,5
3480,MSP-SJU,MSP,SJU,2
3481,MSP-SLC,MSP,SLC,27
3482,MSP-SMF,MSP,SMF,1
3483,MSP-SNA,MSP,SNA,9
3484,MSP-SRQ,MSP,SRQ,7
3485,MSP-STL,MSP,STL,31
3486,MSP-TPA,MSP,TPA,14
3487,MSP-TUS,MSP,TUS,9
3488,MSP-VPS,MSP,VPS,1
3489,MSP-XNA,MSP,XNA,3
3490,MSP-XWA,MSP,XWA,8
3491,MSY-ATL,MSY,ATL,74
3492,MSY-AUS,MSY,AUS,26
3493,MSY-BNA,MSY,BNA,18
3494,MSY-BOS,MSY,BOS,15
3495,MSY-BWI,MSY,BWI,10
3496,MSY-CLT,MSY,CLT,29
3497,MSY-CVG,MSY,CVG,2
3498,MSY-DAL,MSY,DAL,49
3499,MSY-DCA,MSY,DCA,24
3500,MSY-DEN,MSY,DEN,40
3501,MSY-DFW,MSY,DFW,38
3502,MSY-DTW,MSY,DTW,8
3503,MSY-EWR,MSY,EWR,19
3504,MSY-FLL,MSY,FLL,30
3505,MSY-HOU,MSY,HOU,37
3506,MSY-IAD,MSY,IAD,8
3507,MSY-IAH,MSY,IAH,33
3508,MSY-JFK,MSY,JFK,20
3509,MSY-LAS,MSY,LAS,16
3510,MSY-LAX,MSY,LAX,29
3511,MSY-LGA,MSY,LGA,28
3512,MSY-MCI,MSY,MCI,6
3513,MSY-MCO,MSY,MCO,47
3514,MSY-MDW,MSY,MDW,11
3515,MSY-MIA,MSY,MIA,24
3516,MSY-MSP,MSY,MSP,7
3517,MSY-ORD,MSY,ORD,20
3518,MSY-PHL,MSY,PHL,12
3519,MSY-PHX,MSY,PHX,10
3520,MSY-SAN,MSY,SAN,6
3521,MSY-SAT,MSY,SAT,4
3522,MSY-SEA,MSY,SEA,15
3523,MSY-SFO,MSY,SFO,6
3524,MSY-SLC,MSY,SLC,6
3525,MSY-STL,MSY,STL,13
3526,MSY-TPA,MSY,TPA,23
3527,MTJ-ATL,MTJ,ATL,7
3528,MTJ-DAL,MTJ,DAL,4
3529,MTJ-DEN,MTJ,DEN,31
3530,MTJ-DFW,MTJ,DFW,10
3531,MTJ-EWR,MTJ,EWR,3
3532,MTJ-IAH,MTJ,IAH,7
3533,MTJ-ORD,MTJ,ORD,6
3534,MTJ-SFO,MTJ,SFO,2
3535,MYR-ABE,MYR,ABE,2
3536,MYR-ALB,MYR,ALB,1
3537,MYR-ATL,MYR,ATL,17
3538,MYR-BNA,MYR,BNA,9
3539,MYR-BOS,MYR,BOS,3
3540,MYR-BWI,MYR,BWI,17
3541,MYR-CLT,MYR,CLT,31
3542,MYR-DCA,MYR,DCA,6
3543,MYR-DTW,MYR,DTW,4
3544,MYR-EWR,MYR,EWR,7
3545,MYR-FLL,MYR,FLL,6
3546,MYR-LGA,MYR,LGA,8
3547,MYR-MCO,MYR,MCO,4
3548,MYR-MDW,MYR,MDW,10
3549,MYR-PHL,MYR,PHL,6
3550,MYR-SWF,MYR,SWF,1
3551,OAJ-ATL,OAJ,ATL,6
3552,OAJ-CLT,OAJ,CLT,1
3553,OAK-ABQ,OAK,ABQ,12
3554,OAK-AUS,OAK,AUS,7
3555,OAK-BLI,OAK,BLI,7
3556,OAK-BNA,OAK,BNA,1
3557,OAK-BOI,OAK,BOI,11
3558,OAK-BUR,OAK,BUR,50
3559,OAK-BWI,OAK,BWI,3
3560,OAK-DAL,OAK,DAL,9
3561,OAK-DEN,OAK,DEN,35
3562,OAK-EUG,OAK,EUG,8
3563,OAK-EWR,OAK,EWR,1
3564,OAK-GEG,OAK,GEG,9
3565,OAK-HNL,OAK,HNL,22
3566,OAK-HOU,OAK,HOU,6
3567,OAK-KOA,OAK,KOA,6
3568,OAK-LAS,OAK,LAS,79
3569,OAK-LAX,OAK,LAX,57
3570,OAK-LGB,OAK,LGB,29
3571,OAK-LIH,OAK,LIH,9
3572,OAK-MCI,OAK,MCI,6
3573,OAK-MDW,OAK,MDW,10
3574,OAK-OGG,OAK,OGG,16
3575,OAK-ONT,OAK,ONT,20
3576,OAK-PDX,OAK,PDX,19
3577,OAK-PHX,OAK,PHX,30
3578,OAK-PSP,OAK,PSP,11
3579,OAK-RNO,OAK,RNO,9
3580,OAK-SAN,OAK,SAN,49
3581,OAK-SBA,OAK,SBA,8
3582,OAK-SEA,OAK,SEA,37
3583,OAK-SLC,OAK,SLC,37
3584,OAK-SNA,OAK,SNA,37
3585,OAK-STL,OAK,STL,6
3586,OGG-ANC,OGG,ANC,1
3587,OGG-DEN,OGG,DEN,5
3588,OGG-DFW,OGG,DFW,5
3589,OGG-HNL,OGG,HNL,186
3590,OGG-ITO,OGG,ITO,4
3591,OGG-KOA,OGG,KOA,17
3592,OGG-LAS,OGG,LAS,11
3593,OGG-LAX,OGG,LAX,22
3594,OGG-LIH,OGG,LIH,24
3595,OGG-OAK,OGG,OAK,13
3596,OGG-ORD,OGG,ORD,5
3597,OGG-PDX,OGG,PDX,11
3598,OGG-PHX,OGG,PHX,23
3599,OGG-SAN,OGG,SAN,14
3600,OGG-SEA,OGG,SEA,21
3601,OGG-SFO,OGG,SFO,18
3602,OGG-SJC,OGG,SJC,11
3603,OGG-SLC,OGG,SLC,6
3604,OGG-SMF,OGG,SMF,10
3605,OKC-ATL,OKC,ATL,31
3606,OKC-AUS,OKC,AUS,11
3607,OKC-BNA,OKC,BNA,2
3608,OKC-CLT,OKC,CLT,10
3609,OKC-DCA,OKC,DCA,13
3610,OKC-DEN,OKC,DEN,29
3611,OKC-DFW,OKC,DFW,31
3612,OKC-HOU,OKC,HOU,23
3613,OKC-IAH,OKC,IAH,6
3614,OKC-LAS,OKC,LAS,13
3615,OKC-LAX,OKC,LAX,10
3616,OKC-LGA,OKC,LGA,18
3617,OKC-MCO,OKC,MCO,7
3618,OKC-MDW,OKC,MDW,2
3619,OKC-MIA,OKC,MIA,2
3620,OKC-MSP,OKC,MSP,9
3621,OKC-ORD,OKC,ORD,12
3622,OKC-PHX,OKC,PHX,25
3623,OKC-SAT,OKC,SAT,9
3624,OKC-SEA,OKC,SEA,7
3625,OKC-SLC,OKC,SLC,14
3626,OKC-STL,OKC,STL,10
3627,OMA-ATL,OMA,ATL,24
3628,OMA-AUS,OMA,AUS,1
3629,OMA-AZA,OMA,AZA,1
3630,OMA-CLT,OMA,CLT,9
3631,OMA-DAL,OMA,DAL,7
3632,OMA-DCA,OMA,DCA,6
3633,OMA-DEN,OMA,DEN,42
3634,OMA-DFW,OMA,DFW,30
3635,OMA-DTW,OMA,DTW,18
3636,OMA-HOU,OMA,HOU,5
3637,OMA-IAH,OMA,IAH,5
3638,OMA-LAS,OMA,LAS,23
3639,OMA-LAX,OMA,LAX,8
3640,OMA-LGA,OMA,LGA,19
3641,OMA-MCO,OMA,MCO,6
3642,OMA-MDW,OMA,MDW,18
3643,OMA-MIA,OMA,MIA,4
3644,OMA-MSP,OMA,MSP,26
3645,OMA-ORD,OMA,ORD,22
3646,OMA-PHX,OMA,PHX,24
3647,OMA-PIE,OMA,PIE,2
3648,OMA-SEA,OMA,SEA,7
3649,OMA-SFB,OMA,SFB,4
3650,OMA-SLC,OMA,SLC,8
3651,OMA-STL,OMA,STL,15
3652,OME-OTZ,OME,OTZ,2
3653,ONT-ATL,ONT,ATL,15
3654,ONT-AUS,ONT,AUS,6
3655,ONT-CLT,ONT,CLT,7
3656,ONT-DAL,ONT,DAL,5
3657,ONT-DEN,ONT,DEN,39
3658,ONT-DFW,ONT,DFW,42
3659,ONT-HNL,ONT,HNL,6
3660,ONT-HOU,ONT,HOU,10
3661,ONT-JFK,ONT,JFK,8
3662,ONT-LAS,ONT,LAS,27
3663,ONT-MCO,ONT,MCO,1
3664,ONT-MDW,ONT,MDW,6
3665,ONT-OAK,ONT,OAK,23
3666,ONT-PDX,ONT,PDX,10
3667,ONT-PHX,ONT,PHX,43
3668,ONT-SEA,ONT,SEA,29
3669,ONT-SFO,ONT,SFO,13
3670,ONT-SJC,ONT,SJC,23
3671,ONT-SLC,ONT,SLC,20
3672,ONT-SMF,ONT,SMF,23
3673,ORD-ABE,ORD,ABE,10
3674,ORD-ABQ,ORD,ABQ,11
3675,ORD-ALB,ORD,ALB,11
3676,ORD-ANC,ORD,ANC,3
3677,ORD-ASE,ORD,ASE,38
3678,ORD-ATL,ORD,ATL,80
3679,ORD-ATW,ORD,ATW,26
3680,ORD-AUS,ORD,AUS,31
3681,ORD-AVL,ORD,AVL,6
3682,ORD-AVP,ORD,AVP,8
3683,ORD-BDL,ORD,BDL,25
3684,ORD-BHM,ORD,BHM,7
3685,ORD-BNA,ORD,BNA,70
3686,ORD-BOI,ORD,BOI,5
3687,ORD-BOS,ORD,BOS,61
3688,ORD-BTV,ORD,BTV,10
3689,ORD-BUF,ORD,BUF,24
3690,ORD-BWI,ORD,BWI,40
3691,ORD-BZN,ORD,BZN,17
3692,ORD-CAE,ORD,CAE,8
3693,ORD-CAK,ORD,CAK,11
3694,ORD-CHA,ORD,CHA,19
3695,ORD-CHO,ORD,CHO,1
3696,ORD-CHS,ORD,CHS,10
3697,ORD-CID,ORD,CID,22
3698,ORD-CLE,ORD,CLE,40
3699,ORD-CLT,ORD,CLT,77
3700,ORD-CMH,ORD,CMH,36
3701,ORD-CMI,ORD,CMI,9
3702,ORD-CMX,ORD,CMX,13
3703,ORD-COS,ORD,COS,10
3704,ORD-COU,ORD,COU,5
3705,ORD-CRW,ORD,CRW,14
3706,ORD-CVG,ORD,CVG,35
3707,ORD-DAL,ORD,DAL,28
3708,ORD-DAY,ORD,DAY,8
3709,ORD-DCA,ORD,DCA,100
3710,ORD-DEC,ORD,DEC,10
3711,ORD-DEN,ORD,DEN,90
3712,ORD-DFW,ORD,DFW,75
3713,ORD-DLH,ORD,DLH,12
3714,ORD-DSM,ORD,DSM,27
3715,ORD-DTW,ORD,DTW,64
3716,ORD-EGE,ORD,EGE,10
3717,ORD-ELP,ORD,ELP,3
3718,ORD-EWR,ORD,EWR,98
3719,ORD-EYW,ORD,EYW,9
3720,ORD-FAR,ORD,FAR,18
3721,ORD-FAT,ORD,FAT,2
3722,ORD-FCA,ORD,FCA,5
3723,ORD-FLL,ORD,FLL,41
3724,ORD-FNT,ORD,FNT,11
3725,ORD-FOD,ORD,FOD,4
3726,ORD-FSD,ORD,FSD,27
3727,ORD-FWA,ORD,FWA,21
3728,ORD-GEG,ORD,GEG,3
3729,ORD-GRB,ORD,GRB,27
3730,ORD-GRR,ORD,GRR,41
3731,ORD-GSO,ORD,GSO,21
3732,ORD-GSP,ORD,GSP,21
3733,ORD-HDN,ORD,HDN,6
3734,ORD-HNL,ORD,HNL,7
3735,ORD-HPN,ORD,HPN,20
3736,ORD-HSV,ORD,HSV,8
3737,ORD-HYS,ORD,HYS,9
3738,ORD-IAD,ORD,IAD,30
3739,ORD-IAH,ORD,IAH,63
3740,ORD-ICT,ORD,ICT,26
3741,ORD-IND,ORD,IND,49
3742,ORD-JAC,ORD,JAC,12
3743,ORD-JAX,ORD,JAX,25
3744,ORD-JFK,ORD,JFK,37
3745,ORD-JST,ORD,JST,7
3746,ORD-LAS,ORD,LAS,71
3747,ORD-LAX,ORD,LAX,93
3748,ORD-LEX,ORD,LEX,18
3749,ORD-LGA,ORD,LGA,139
3750,ORD-LIT,ORD,LIT,16
3751,ORD-LNK,ORD,LNK,10
3752,ORD-LSE,ORD,LSE,2
3753,ORD-MBS,ORD,MBS,16
3754,ORD-MCI,ORD,MCI,53
3755,ORD-MCO,ORD,MCO,84
3756,ORD-MCW,ORD,MCW,7
3757,ORD-MDT,ORD,MDT,12
3758,ORD-MEM,ORD,MEM,16
3759,ORD-MIA,ORD,MIA,73
3760,ORD-MKE,ORD,MKE,34
3761,ORD-MLI,ORD,MLI,17
3762,ORD-MSN,ORD,MSN,34
3763,ORD-MSP,ORD,MSP,65
3764,ORD-MSY,ORD,MSY,15
3765,ORD-MTJ,ORD,MTJ,7
3766,ORD-OGG,ORD,OGG,4
3767,ORD-OKC,ORD,OKC,31
3768,ORD-OMA,ORD,OMA,32
3769,ORD-ORF,ORD,ORF,16
3770,ORD-PBI,ORD,PBI,29
3771,ORD-PDX,ORD,PDX,23
3772,ORD-PHL,ORD,PHL,66
3773,ORD-PHX,ORD,PHX,104
3774,ORD-PIA,ORD,PIA,15
3775,ORD-PIT,ORD,PIT,35
3776,ORD-PNS,ORD,PNS,10
3777,ORD-PSP,ORD,PSP,9
3778,ORD-PVD,ORD,PVD,9
3779,ORD-PWM,ORD,PWM,5
3780,ORD-RDU,ORD,RDU,33
3781,ORD-RIC,ORD,RIC,9
3782,ORD-RNO,ORD,RNO,1
3783,ORD-ROA,ORD,ROA,12
3784,ORD-ROC,ORD,ROC,26
3785,ORD-RST,ORD,RST,1
3786,ORD-RSW,ORD,RSW,44
3787,ORD-SAN,ORD,SAN,40
3788,ORD-SAT,ORD,SAT,21
3789,ORD-SAV,ORD,SAV,19
3790,ORD-SBN,ORD,SBN,28
3791,ORD-SCE,ORD,SCE,1
3792,ORD-SDF,ORD,SDF,24
3793,ORD-SEA,ORD,SEA,64
3794,ORD-SFO,ORD,SFO,66
3795,ORD-SGF,ORD,SGF,19
3796,ORD-SJC,ORD,SJC,4
3797,ORD-SJU,ORD,SJU,13
3798,ORD-SLC,ORD,SLC,39
3799,ORD-SMF,ORD,SMF,13
3800,ORD-SNA,ORD,SNA,38
3801,ORD-SRQ,ORD,SRQ,19
3802,ORD-STL,ORD,STL,31
3803,ORD-STT,ORD,STT,2
3804,ORD-SUN,ORD,SUN,5
3805,ORD-SUX,ORD,SUX,8
3806,ORD-SYR,ORD,SYR,14
3807,ORD-TPA,ORD,TPA,49
3808,ORD-TUL,ORD,TUL,16
3809,ORD-TUS,ORD,TUS,17
3810,ORD-TVC,ORD,TVC,16
3811,ORD-TYS,ORD,TYS,15
3812,ORD-XNA,ORD,XNA,29
3813,ORF-ATL,ORF,ATL,27
3814,ORF-BNA,ORF,BNA,5
3815,ORF-BWI,ORF,BWI,25
3816,ORF-CLT,ORF,CLT,44
3817,ORF-DAL,ORF,DAL,1
3818,ORF-DCA,ORF,DCA,17
3819,ORF-DEN,ORF,DEN,4
3820,ORF-DFW,ORF,DFW,13
3821,ORF-DTW,ORF,DTW,7
3822,ORF-EWR,ORF,EWR,6
3823,ORF-FLL,ORF,FLL,4
3824,ORF-IAD,ORF,IAD,4
3825,ORF-IAH,ORF,IAH,8
3826,ORF-JFK,ORF,JFK,8
3827,ORF-LGA,ORF,LGA,23
3828,ORF-MCO,ORF,MCO,14
3829,ORF-MDW,ORF,MDW,4
3830,ORF-MIA,ORF,MIA,8
3831,ORF-ORD,ORF,ORD,19
3832,ORF-PHL,ORF,PHL,8
3833,ORF-RSW,ORF,RSW,3
3834,ORF-SFB,ORF,SFB,3
3835,ORF-TPA,ORF,TPA,1
3836,ORH-FLL,ORH,FLL,1
3837,ORH-JFK,ORH,JFK,4
3838,ORH-LGA,ORH,LGA,2
3839,ORH-MCO,ORH,MCO,5
3840,OTH-SFO,OTH,SFO,5
3841,OTZ-ANC,OTZ,ANC,4
3842,PAE-HNL,PAE,HNL,3
3843,PAE-LAS,PAE,LAS,4
3844,PAE-LAX,PAE,LAX,10
3845,PAE-PHX,PAE,PHX,4
3846,PBG-FLL,PBG,FLL,2
3847,PBG-PIE,PBG,PIE,1
3848,PBG-SFB,PBG,SFB,4
3849,PBI-ACY,PBI,ACY,7
3850,PBI-ATL,PBI,ATL,59
3851,PBI-BDL,PBI,BDL,6
3852,PBI-BOS,PBI,BOS,32
3853,PBI-BWI,PBI,BWI,25
3854,PBI-CLT,PBI,CLT,32
3855,PBI-CVG,PBI,CVG,2
3856,PBI-DCA,PBI,DCA,29
3857,PBI-DFW,PBI,DFW,24
3858,PBI-DTW,PBI,DTW,10
3859,PBI-EWR,PBI,EWR,65
3860,PBI-HPN,PBI,HPN,45
3861,PBI-IAD,PBI,IAD,2
3862,PBI-IAH,PBI,IAH,8
3863,PBI-ISP,PBI,ISP,15
3864,PBI-JFK,PBI,JFK,34
3865,PBI-LAX,PBI,LAX,7
3866,PBI-LGA,PBI,LGA,61
3867,PBI-MSP,PBI,MSP,3
3868,PBI-ORD,PBI,ORD,31
3869,PBI-PHL,PBI,PHL,31
3870,PBI-PIT,PBI,PIT,3
3871,PBI-PVD,PBI,PVD,5
3872,PBI-TTN,PBI,TTN,13
3873,PBI-TYS,PBI,TYS,2
3874,PDX-ANC,PDX,ANC,7
3875,PDX-ATL,PDX,ATL,12
3876,PDX-AUS,PDX,AUS,4
3877,PDX-AZA,PDX,AZA,1
3878,PDX-BOI,PDX,BOI,11
3879,PDX-BOS,PDX,BOS,3
3880,PDX-BUR,PDX,BUR,17
3881,PDX-BZN,PDX,BZN,2
3882,PDX-CLT,PDX,CLT,4
3883,PDX-DCA,PDX,DCA,5
3884,PDX-DEN,PDX,DEN,49
3885,PDX-DFW,PDX,DFW,21
3886,PDX-DTW,PDX,DTW,1
3887,PDX-EWR,PDX,EWR,13
3888,PDX-FAT,PDX,FAT,3
3889,PDX-FLL,PDX,FLL,7
3890,PDX-GEG,PDX,GEG,10
3891,PDX-HNL,PDX,HNL,11
3892,PDX-IAD,PDX,IAD,1
3893,PDX-IAH,PDX,IAH,13
3894,PDX-IDA,PDX,IDA,1
3895,PDX-JFK,PDX,JFK,11
3896,PDX-KOA,PDX,KOA,5
3897,PDX-LAS,PDX,LAS,59
3898,PDX-LAX,PDX,LAX,49
3899,PDX-LGB,PDX,LGB,1
3900,PDX-MCO,PDX,MCO,8
3901,PDX-MDW,PDX,MDW,4
3902,PDX-MIA,PDX,MIA,12
3903,PDX-MSP,PDX,MSP,13
3904,PDX-OAK,PDX,OAK,26
3905,PDX-OGG,PDX,OGG,8
3906,PDX-ONT,PDX,ONT,7
3907,PDX-ORD,PDX,ORD,14
3908,PDX-PHX,PDX,PHX,49
3909,PDX-PSP,PDX,PSP,14
3910,PDX-PVU,PDX,PVU,2
3911,PDX-RNO,PDX,RNO,2
3912,PDX-SAN,PDX,SAN,22
3913,PDX-SBA,PDX,SBA,1
3914,PDX-SBP,PDX,SBP,3
3915,PDX-SEA,PDX,SEA,94
3916,PDX-SFO,PDX,SFO,35
3917,PDX-SJC,PDX,SJC,36
3918,PDX-SLC,PDX,SLC,31
3919,PDX-SMF,PDX,SMF,24
3920,PDX-SNA,PDX,SNA,19
3921,PDX-STS,PDX,STS,3
3922,PDX-TPA,PDX,TPA,1
3923,PGD-ABE,PGD,ABE,3
3924,PGD-ALB,PGD,ALB,2
3925,PGD-ATW,PGD,ATW,2
3926,PGD-AVL,PGD,AVL,3
3927,PGD-BGR,PGD,BGR,2
3928,PGD-BLV,PGD,BLV,5
3929,PGD-BNA,PGD,BNA,1
3930,PGD-CAK,PGD,CAK,2
3931,PGD-CID,PGD,CID,5
3932,PGD-CVG,PGD,CVG,7
3933,PGD-DAY,PGD,DAY,2
3934,PGD-DSM,PGD,DSM,2
3935,PGD-FNT,PGD,FNT,3
3936,PGD-FWA,PGD,FWA,4
3937,PGD-GRR,PGD,GRR,8
3938,PGD-IAG,PGD,IAG,4
3939,PGD-IND,PGD,IND,1
3940,PGD-LCK,PGD,LCK,1
3941,PGD-LEX,PGD,LEX,2
3942,PGD-MCI,PGD,MCI,2
3943,PGD-MDT,PGD,MDT,2
3944,PGD-MDW,PGD,MDW,2
3945,PGD-MLI,PGD,MLI,1
3946,PGD-MSP,PGD,MSP,2
3947,PGD-OMA,PGD,OMA,3
3948,PGD-PIA,PGD,PIA,4
3949,PGD-PIT,PGD,PIT,3
3950,PGD-PSM,PGD,PSM,3
3951,PGD-PVD,PGD,PVD,3
3952,PGD-RFD,PGD,RFD,2
3953,PGD-RIC,PGD,RIC,2
3954,PGD-ROC,PGD,ROC,1
3955,PGD-SBN,PGD,SBN,1
3956,PGD-SGF,PGD,SGF,3
3957,PGD-SPI,PGD,SPI,3
3958,PGD-SWF,PGD,SWF,2
3959,PGD-SYR,PGD,SYR,2
3960,PGD-TOL,PGD,TOL,3
3961,PGD-TVC,PGD,TVC,3
3962,PGD-TYS,PGD,TYS,1
3963,PGD-USA,PGD,USA,2
3964,PHL-ATL,PHL,ATL,75
3965,PHL-AUS,PHL,AUS,15
3966,PHL-BDL,PHL,BDL,10
3967,PHL-BHM,PHL,BHM,4
3968,PHL-BNA,PHL,BNA,39
3969,PHL-BOS,PHL,BOS,64
3970,PHL-BTV,PHL,BTV,14
3971,PHL-BUF,PHL,BUF,8
3972,PHL-CHS,PHL,CHS,8
3973,PHL-CLE,PHL,CLE,1
3974,PHL-CLT,PHL,CLT,58
3975,PHL-CMH,PHL,CMH,12
3976,PHL-CVG,PHL,CVG,11
3977,PHL-DCA,PHL,DCA,22
3978,PHL-DEN,PHL,DEN,36
3979,PHL-DFW,PHL,DFW,42
3980,PHL-DTW,PHL,DTW,39
3981,PHL-EYW,PHL,EYW,5
3982,PHL-FLL,PHL,FLL,46
3983,PHL-GSP,PHL,GSP,3
3984,PHL-IAH,PHL,IAH,20
3985,PHL-ILM,PHL,ILM,3
3986,PHL-IND,PHL,IND,20
3987,PHL-JAX,PHL,JAX,22
3988,PHL-LAS,PHL,LAS,14
3989,PHL-LAX,PHL,LAX,43
3990,PHL-LGA,PHL,LGA,11
3991,PHL-MCI,PHL,MCI,5
3992,PHL-MCO,PHL,MCO,88
3993,PHL-MDW,PHL,MDW,26
3994,PHL-MEM,PHL,MEM,6
3995,PHL-MIA,PHL,MIA,50
3996,PHL-MKE,PHL,MKE,3
3997,PHL-MSN,PHL,MSN,1
3998,PHL-MSP,PHL,MSP,18
3999,PHL-MSY,PHL,MSY,19
4000,PHL-MYR,PHL,MYR,3
4001,PHL-ORD,PHL,ORD,63
4002,PHL-ORF,PHL,ORF,11
4003,PHL-PBI,PHL,PBI,23
4004,PHL-PHX,PHL,PHX,31
4005,PHL-PIT,PHL,PIT,18
4006,PHL-PVD,PHL,PVD,7
4007,PHL-PWM,PHL,PWM,4
4008,PHL-RDU,PHL,RDU,28
4009,PHL-RSW,PHL,RSW,35
4010,PHL-SAN,PHL,SAN,10
4011,PHL-SAV,PHL,SAV,11
4012,PHL-SEA,PHL,SEA,12
4013,PHL-SFO,PHL,SFO,21
4014,PHL-SJU,PHL,SJU,25
4015,PHL-SLC,PHL,SLC,10
4016,PHL-SRQ,PHL,SRQ,14
4017,PHL-STL,PHL,STL,16
4018,PHL-STT,PHL,STT,3
4019,PHL-SYR,PHL,SYR,6
4020,PHL-TPA,PHL,TPA,49
4021,PHL-TYS,PHL,TYS,10
4022,PHX-ABQ,PHX,ABQ,36
4023,PHX-ANC,PHX,ANC,9
4024,PHX-ASE,PHX,ASE,8
4025,PHX-ATL,PHX,ATL,42
4026,PHX-AUS,PHX,AUS,42
4027,PHX-AVL,PHX,AVL,1
4028,PHX-BFL,PHX,BFL,8
4029,PHX-BIL,PHX,BIL,1
4030,PHX-BNA,PHX,BNA,38
4031,PHX-BOI,PHX,BOI,26
4032,PHX-BOS,PHX,BOS,30
4033,PHX-BUF,PHX,BUF,2
4034,PHX-BUR,PHX,BUR,43
4035,PHX-BWI,PHX,BWI,18
4036,PHX-CID,PHX,CID,3
4037,PHX-CLE,PHX,CLE,9
4038,PHX-CLT,PHX,CLT,50
4039,PHX-CMH,PHX,CMH,22
4040,PHX-COS,PHX,COS,18
4041,PHX-CVG,PHX,CVG,12
4042,PHX-DAL,PHX,DAL,56
4043,PHX-DCA,PHX,DCA,18
4044,PHX-DEN,PHX,DEN,164
4045,PHX-DFW,PHX,DFW,66
4046,PHX-DRO,PHX,DRO,15
4047,PHX-DSM,PHX,DSM,14
4048,PHX-DTW,PHX,DTW,32
4049,PHX-EGE,PHX,EGE,1
4050,PHX-ELP,PHX,ELP,39
4051,PHX-EUG,PHX,EUG,7
4052,PHX-EWR,PHX,EWR,50
4053,PHX-FAR,PHX,FAR,7
4054,PHX-FAT,PHX,FAT,26
4055,PHX-FLG,PHX,FLG,18
4056,PHX-FLL,PHX,FLL,8
4057,PHX-FSD,PHX,FSD,4
4058,PHX-GEG,PHX,GEG,17
4059,PHX-GJT,PHX,GJT,12
4060,PHX-GRR,PHX,GRR,5
4061,PHX-HNL,PHX,HNL,13
4062,PHX-HOU,PHX,HOU,33
4063,PHX-IAD,PHX,IAD,6
4064,PHX-IAH,PHX,IAH,41
4065,PHX-ICT,PHX,ICT,4
4066,PHX-IDA,PHX,IDA,6
4067,PHX-IND,PHX,IND,14
4068,PHX-JAX,PHX,JAX,4
4069,PHX-JFK,PHX,JFK,41
4070,PHX-KOA,PHX,KOA,5
4071,PHX-LAS,PHX,LAS,111
4072,PHX-LAX,PHX,LAX,87
4073,PHX-LBB,PHX,LBB,5
4074,PHX-LGB,PHX,LGB,18
4075,PHX-LIH,PHX,LIH,11
4076,PHX-MAF,PHX,MAF,5
4077,PHX-MCI,PHX,MCI,34
4078,PHX-MCO,PHX,MCO,21
4079,PHX-MDW,PHX,MDW,38
4080,PHX-MEM,PHX,MEM,6
4081,PHX-MFR,PHX,MFR,11
4082,PHX-MIA,PHX,MIA,27
4083,PHX-MKE,PHX,MKE,13
4084,PHX-MRY,PHX,MRY,13
4085,PHX-MSN,PHX,MSN,8
4086,PHX-MSP,PHX,MSP,46
4087,PHX-MSY,PHX,MSY,14
4088,PHX-OAK,PHX,OAK,34
4089,PHX-OGG,PHX,OGG,18
4090,PHX-OKC,PHX,OKC,20
4091,PHX-OMA,PHX,OMA,31
4092,PHX-ONT,PHX,ONT,38
4093,PHX-ORD,PHX,ORD,89
4094,PHX-PAE,PHX,PAE,6
4095,PHX-PDX,PHX,PDX,45
4096,PHX-PHL,PHX,PHL,46
4097,PHX-PIT,PHX,PIT,14
4098,PHX-PSP,PHX,PSP,20
4099,PHX-PVU,PHX,PVU,1
4100,PHX-RDM,PHX,RDM,8
4101,PHX-RDU,PHX,RDU,6
4102,PHX-RNO,PHX,RNO,27
4103,PHX-SAF,PHX,SAF,11
4104,PHX-SAN,PHX,SAN,69
4105,PHX-SAT,PHX,SAT,29
4106,PHX-SBA,PHX,SBA,19
4107,PHX-SBP,PHX,SBP,19
4108,PHX-SCK,PHX,SCK,2
4109,PHX-SDF,PHX,SDF,8
4110,PHX-SEA,PHX,SEA,98
4111,PHX-SFO,PHX,SFO,71
4112,PHX-SGU,PHX,SGU,9
4113,PHX-SJC,PHX,SJC,47
4114,PHX-SLC,PHX,SLC,104
4115,PHX-SMF,PHX,SMF,47
4116,PHX-SNA,PHX,SNA,60
4117,PHX-STL,PHX,STL,37
4118,PHX-STS,PHX,STS,7
4119,PHX-TPA,PHX,TPA,16
4120,PHX-TUL,PHX,TUL,14
4121,PHX-TUS,PHX,TUS,49
4122,PHX-TYS,PHX,TYS,1
4123,PHX-XNA,PHX,XNA,5
4124,PHX-YUM,PHX,YUM,13
4125,PIA-AZA,PIA,AZA,3
4126,PIA-BNA,PIA,BNA,1
4127,PIA-CLT,PIA,CLT,5
4128,PIA-DFW,PIA,DFW,16
4129,PIA-ORD,PIA,ORD,7
4130,PIA-PGD,PIA,PGD,3
4131,PIA-PIE,PIA,PIE,1
4132,PIA-SFB,PIA,SFB,3
4133,PIB-IAH,PIB,IAH,5
4134,PIB-MEI,PIB,MEI,5
4135,PIE-ABE,PIE,ABE,2
4136,PIE-ALB,PIE,ALB,3
4137,PIE-ATW,PIE,ATW,3
4138,PIE-AVL,PIE,AVL,11
4139,PIE-BGR,PIE,BGR,2
4140,PIE-BLV,PIE,BLV,3
4141,PIE-BNA,PIE,BNA,2
4142,PIE-CAK,PIE,CAK,1
4143,PIE-CHA,PIE,CHA,2
4144,PIE-CID,PIE,CID,1
4145,PIE-CKB,PIE,CKB,1
4146,PIE-CVG,PIE,CVG,4
4147,PIE-DAY,PIE,DAY,3
4148,PIE-DSM,PIE,DSM,4
4149,PIE-ELM,PIE,ELM,2
4150,PIE-FAR,PIE,FAR,2
4151,PIE-FNT,PIE,FNT,4
4152,PIE-FSD,PIE,FSD,2
4153,PIE-FWA,PIE,FWA,1
4154,PIE-GRR,PIE,GRR,6
4155,PIE-GSP,PIE,GSP,2
4156,PIE-HGR,PIE,HGR,1
4157,PIE-IAG,PIE,IAG,1
4158,PIE-IND,PIE,IND,2
4159,PIE-LEX,PIE,LEX,1
4160,PIE-MDT,PIE,MDT,2
4161,PIE-MEM,PIE,MEM,1
4162,PIE-MLI,PIE,MLI,1
4163,PIE-OMA,PIE,OMA,1
4164,PIE-PBG,PIE,PBG,4
4165,PIE-PIA,PIE,PIA,1
4166,PIE-PIT,PIE,PIT,2
4167,PIE-RFD,PIE,RFD,2
4168,PIE-SDF,PIE,SDF,1
4169,PIE-SGF,PIE,SGF,2
4170,PIE-SWF,PIE,SWF,2
4171,PIE-SYR,PIE,SYR,2
4172,PIE-TOL,PIE,TOL,2
4173,PIE-TVC,PIE,TVC,2
4174,PIE-TYS,PIE,TYS,9
4175,PIE-USA,PIE,USA,4
4176,PIE-XNA,PIE,XNA,1
4177,PIH-SLC,PIH,SLC,18
4178,PIT-ATL,PIT,ATL,37
4179,PIT-AUS,PIT,AUS,4
4180,PIT-BNA,PIT,BNA,18
4181,PIT-BOS,PIT,BOS,27
4182,PIT-BWI,PIT,BWI,20
4183,PIT-CLT,PIT,CLT,30
4184,PIT-DAL,PIT,DAL,9
4185,PIT-DCA,PIT,DCA,33
4186,PIT-DEN,PIT,DEN,24
4187,PIT-DFW,PIT,DFW,20
4188,PIT-DTW,PIT,DTW,16
4189,PIT-EWR,PIT,EWR,25
4190,PIT-EYW,PIT,EYW,3
4191,PIT-FLL,PIT,FLL,16
4192,PIT-HOU,PIT,HOU,8
4193,PIT-IAD,PIT,IAD,4
4194,PIT-IAH,PIT,IAH,6
4195,PIT-JFK,PIT,JFK,35
4196,PIT-LAS,PIT,LAS,14
4197,PIT-LAX,PIT,LAX,11
4198,PIT-LGA,PIT,LGA,59
4199,PIT-MCO,PIT,MCO,37
4200,PIT-MDW,PIT,MDW,18
4201,PIT-MIA,PIT,MIA,15
4202,PIT-MLB,PIT,MLB,1
4203,PIT-MSP,PIT,MSP,8
4204,PIT-ORD,PIT,ORD,49
4205,PIT-PBI,PIT,PBI,1
4206,PIT-PGD,PIT,PGD,5
4207,PIT-PHL,PIT,PHL,18
4208,PIT-PHX,PIT,PHX,13
4209,PIT-PIE,PIT,PIE,3
4210,PIT-RDU,PIT,RDU,14
4211,PIT-RSW,PIT,RSW,8
4212,PIT-SEA,PIT,SEA,5
4213,PIT-SFB,PIT,SFB,2
4214,PIT-SFO,PIT,SFO,6
4215,PIT-SRQ,PIT,SRQ,4
4216,PIT-STL,PIT,STL,5
4217,PIT-TPA,PIT,TPA,10
4218,PLN-DTW,PLN,DTW,11
4219,PNS-ATL,PNS,ATL,32
4220,PNS-BNA,PNS,BNA,12
4221,PNS-CLT,PNS,CLT,36
4222,PNS-DAL,PNS,DAL,5
4223,PNS-DCA,PNS,DCA,9
4224,PNS-DEN,PNS,DEN,1
4225,PNS-DFW,PNS,DFW,23
4226,PNS-FLL,PNS,FLL,2
4227,PNS-HOU,PNS,HOU,7
4228,PNS-IAH,PNS,IAH,7
4229,PNS-LGA,PNS,LGA,11
4230,PNS-MCO,PNS,MCO,9
4231,PNS-MIA,PNS,MIA,10
4232,PNS-ORD,PNS,ORD,3
4233,PPG-HNL,PPG,HNL,2
4234,PRC-DEN,PRC,DEN,5
4235,PRC-LAX,PRC,LAX,7
4236,PSC-AZA,PSC,AZA,2
4237,PSC-DEN,PSC,DEN,13
4238,PSC-LAS,PSC,LAS,3
4239,PSC-MSP,PSC,MSP,9
4240,PSC-SEA,PSC,SEA,20
4241,PSC-SFO,PSC,SFO,9
4242,PSC-SLC,PSC,SLC,15
4243,PSE-JFK,PSE,JFK,5
4244,PSE-MCO,PSE,MCO,12
4245,PSG-JNU,PSG,JNU,10
4246,PSG-WRG,PSG,WRG,7
4247,PSM-PGD,PSM,PGD,1
4248,PSM-SFB,PSM,SFB,3
4249,PSP-ATL,PSP,ATL,9
4250,PSP-AUS,PSP,AUS,5
4251,PSP-BLI,PSP,BLI,2
4252,PSP-DAL,PSP,DAL,4
4253,PSP-DEN,PSP,DEN,21
4254,PSP-DFW,PSP,DFW,21
4255,PSP-IAH,PSP,IAH,7
4256,PSP-JFK,PSP,JFK,3
4257,PSP-LAS,PSP,LAS,9
4258,PSP-LAX,PSP,LAX,6
4259,PSP-MSP,PSP,MSP,4
4260,PSP-OAK,PSP,OAK,8
4261,PSP-ORD,PSP,ORD,9
4262,PSP-PDX,PSP,PDX,10
4263,PSP-PHX,PSP,PHX,22
4264,PSP-SEA,PSP,SEA,29
4265,PSP-SFO,PSP,SFO,38
4266,PSP-SJC,PSP,SJC,6
4267,PSP-SLC,PSP,SLC,19
4268,PSP-SMF,PSP,SMF,12
4269,PVD-ATL,PVD,ATL,9
4270,PVD-BNA,PVD,BNA,1
4271,PVD-BWI,PVD,BWI,21
4272,PVD-CLT,PVD,CLT,11
4273,PVD-DCA,PVD,DCA,22
4274,PVD-DTW,PVD,DTW,7
4275,PVD-FLL,PVD,FLL,4
4276,PVD-IAD,PVD,IAD,1
4277,PVD-LGA,PVD,LGA,11
4278,PVD-MCO,PVD,MCO,22
4279,PVD-MDW,PVD,MDW,4
4280,PVD-ORD,PVD,ORD,12
4281,PVD-PBI,PVD,PBI,8
4282,PVD-PGD,PVD,PGD,4
4283,PVD-PHL,PVD,PHL,1
4284,PVD-RSW,PVD,RSW,1
4285,PVD-TPA,PVD,TPA,7
4286,PVU-AZA,PVU,AZA,12
4287,PVU-BNA,PVU,BNA,2
4288,PVU-HOU,PVU,HOU,1
4289,PVU-LAS,PVU,LAS,2
4290,PVU-PDX,PVU,PDX,1
4291,PVU-PHX,PVU,PHX,2
4292,PVU-SAN,PVU,SAN,3
4293,PVU-SNA,PVU,SNA,6
4294,PWM-ATL,PWM,ATL,9
4295,PWM-BWI,PWM,BWI,19
4296,PWM-CLT,PWM,CLT,5
4297,PWM-DCA,PWM,DCA,23
4298,PWM-DTW,PWM,DTW,5
4299,PWM-EWR,PWM,EWR,7
4300,PWM-IAD,PWM,IAD,10
4301,PWM-JFK,PWM,JFK,9
4302,PWM-LGA,PWM,LGA,14
4303,PWM-MCO,PWM,MCO,8
4304,PWM-ORD,PWM,ORD,4
4305,PWM-PHL,PWM,PHL,5
4306,RAP-AZA,RAP,AZA,4
4307,RAP-DEN,RAP,DEN,25
4308,RAP-DFW,RAP,DFW,10
4309,RAP-MSP,RAP,MSP,15
4310,RDD-LAX,RDD,LAX,11
4311,RDD-SFO,RDD,SFO,17
4312,RDM-DEN,RDM,DEN,10
4313,RDM-LAX,RDM,LAX,4
4314,RDM-PHX,RDM,PHX,13
4315,RDM-SAN,RDM,SAN,1
4316,RDM-SEA,RDM,SEA,21
4317,RDM-SFO,RDM,SFO,14
4318,RDM-SLC,RDM,SLC,8
4319,RDU-ATL,RDU,ATL,70
4320,RDU-AUS,RDU,AUS,20
4321,RDU-BNA,RDU,BNA,33
4322,RDU-BOS,RDU,BOS,31
4323,RDU-BWI,RDU,BWI,32
4324,RDU-CLT,RDU,CLT,60
4325,RDU-CVG,RDU,CVG,8
4326,RDU-DAL,RDU,DAL,7
4327,RDU-DCA,RDU,DCA,44
4328,RDU-DEN,RDU,DEN,27
4329,RDU-DFW,RDU,DFW,34
4330,RDU-DTW,RDU,DTW,21
4331,RDU-EWR,RDU,EWR,34
4332,RDU-FLL,RDU,FLL,26
4333,RDU-HOU,RDU,HOU,4
4334,RDU-IAD,RDU,IAD,5
4335,RDU-IAH,RDU,IAH,11
4336,RDU-JFK,RDU,JFK,55
4337,RDU-LAS,RDU,LAS,4
4338,RDU-LAX,RDU,LAX,12
4339,RDU-LGA,RDU,LGA,69
4340,RDU-MCO,RDU,MCO,44
4341,RDU-MDW,RDU,MDW,19
4342,RDU-MIA,RDU,MIA,31
4343,RDU-MSP,RDU,MSP,15
4344,RDU-ORD,RDU,ORD,48
4345,RDU-PHL,RDU,PHL,33
4346,RDU-PHX,RDU,PHX,7
4347,RDU-PIT,RDU,PIT,12
4348,RDU-SEA,RDU,SEA,8
4349,RDU-SFO,RDU,SFO,4
4350,RDU-SJU,RDU,SJU,12
4351,RDU-SLC,RDU,SLC,7
4352,RDU-STL,RDU,STL,5
4353,RDU-TPA,RDU,TPA,16
4354,RFD-LAS,RFD,LAS,4
4355,RFD-PGD,RFD,PGD,1
4356,RFD-SFB,RFD,SFB,2
4357,RFD-SRQ,RFD,SRQ,3
4358,RHI-MSP,RHI,MSP,11
4359,RIC-ATL,RIC,ATL,38
4360,RIC-BNA,RIC,BNA,2
4361,RIC-BOS,RIC,BOS,18
4362,RIC-CLT,RIC,CLT,32
4363,RIC-DEN,RIC,DEN,11
4364,RIC-DFW,RIC,DFW,17
4365,RIC-DTW,RIC,DTW,13
4366,RIC-FLL,RIC,FLL,19
4367,RIC-IAH,RIC,IAH,4
4368,RIC-JFK,RIC,JFK,6
4369,RIC-LAS,RIC,LAS,3
4370,RIC-LGA,RIC,LGA,27
4371,RIC-MCO,RIC,MCO,14
4372,RIC-MDW,RIC,MDW,9
4373,RIC-MIA,RIC,MIA,12
4374,RIC-ORD,RIC,ORD,6
4375,RIC-PGD,RIC,PGD,2
4376,RIC-PIE,RIC,PIE,1
4377,RIC-RSW,RIC,RSW,1
4378,RIC-SFB,RIC,SFB,1
4379,RIC-TPA,RIC,TPA,4
4380,RIW-DEN,RIW,DEN,6
4381,RKS-DEN,RKS,DEN,5
4382,RNO-AUS,RNO,AUS,2
4383,RNO-BUR,RNO,BUR,3
4384,RNO-DAL,RNO,DAL,1
4385,RNO-DEN,RNO,DEN,28
4386,RNO-DFW,RNO,DFW,17
4387,RNO-IAH,RNO,IAH,3
4388,RNO-JFK,RNO,JFK,2
4389,RNO-LAS,RNO,LAS,57
4390,RNO-LAX,RNO,LAX,44
4391,RNO-LGB,RNO,LGB,13
4392,RNO-OAK,RNO,OAK,9
4393,RNO-ORD,RNO,ORD,4
4394,RNO-PDX,RNO,PDX,1
4395,RNO-PHX,RNO,PHX,28
4396,RNO-SAN,RNO,SAN,11
4397,RNO-SEA,RNO,SEA,3
4398,RNO-SFO,RNO,SFO,22
4399,RNO-SJC,RNO,SJC,6
4400,RNO-SLC,RNO,SLC,20
4401,ROA-ATL,ROA,ATL,18
4402,ROA-CLT,ROA,CLT,10
4403,ROA-LGA,ROA,LGA,5
4404,ROA-ORD,ROA,ORD,7
4405,ROA-PIE,ROA,PIE,3
4406,ROA-SFB,ROA,SFB,2
4407,ROC-ATL,ROC,ATL,9
4408,ROC-BWI,ROC,BWI,19
4409,ROC-CLT,ROC,CLT,13
4410,ROC-DCA,ROC,DCA,15
4411,ROC-DTW,ROC,DTW,20
4412,ROC-EWR,ROC,EWR,10
4413,ROC-IAD,ROC,IAD,10
4414,ROC-JFK,ROC,JFK,23
4415,ROC-LGA,ROC,LGA,17
4416,ROC-MCO,ROC,MCO,12
4417,ROC-MDW,ROC,MDW,2
4418,ROC-ORD,ROC,ORD,26
4419,ROC-PGD,ROC,PGD,1
4420,ROC-TPA,ROC,TPA,2
4421,ROW-DFW,ROW,DFW,11
4422,RST-MSP,RST,MSP,22
4423,RSW-ACY,RSW,ACY,11
4424,RSW-ATL,RSW,ATL,68
4425,RSW-AUS,RSW,AUS,6
4426,RSW-BDL,RSW,BDL,7
4427,RSW-BNA,RSW,BNA,9
4428,RSW-BOS,RSW,BOS,44
4429,RSW-BUF,RSW,BUF,5
4430,RSW-BWI,RSW,BWI,16
4431,RSW-CHS,RSW,CHS,3
4432,RSW-CLE,RSW,CLE,20
4433,RSW-CLT,RSW,CLT,31
4434,RSW-CMH,RSW,CMH,17
4435,RSW-CVG,RSW,CVG,20
4436,RSW-DAL,RSW,DAL,7
4437,RSW-DCA,RSW,DCA,24
4438,RSW-DEN,RSW,DEN,18
4439,RSW-DFW,RSW,DFW,27
4440,RSW-DTW,RSW,DTW,37
4441,RSW-EWR,RSW,EWR,46
4442,RSW-GRR,RSW,GRR,6
4443,RSW-HOU,RSW,HOU,1
4444,RSW-HPN,RSW,HPN,8
4445,RSW-IAD,RSW,IAD,9
4446,RSW-IAH,RSW,IAH,17
4447,RSW-IND,RSW,IND,21
4448,RSW-ISP,RSW,ISP,11
4449,RSW-JFK,RSW,JFK,25
4450,RSW-LAX,RSW,LAX,4
4451,RSW-LGA,RSW,LGA,17
4452,RSW-MCI,RSW,MCI,6
4453,RSW-MCO,RSW,MCO,1
4454,RSW-MDW,RSW,MDW,16
4455,RSW-MKE,RSW,MKE,16
4456,RSW-MSP,RSW,MSP,20
4457,RSW-ORD,RSW,ORD,56
4458,RSW-ORF,RSW,ORF,1
4459,RSW-PHL,RSW,PHL,32
4460,RSW-PIT,RSW,PIT,9
4461,RSW-PVD,RSW,PVD,2
4462,RSW-RIC,RSW,RIC,3
4463,RSW-SEA,RSW,SEA,5
4464,RSW-SFO,RSW,SFO,2
4465,RSW-SJU,RSW,SJU,1
4466,RSW-STL,RSW,STL,12
4467,RSW-SYR,RSW,SYR,2
4468,RSW-TTN,RSW,TTN,6
4469,SAF-DFW,SAF,DFW,21
4470,SAF-PHX,SAF,PHX,7
4471,SAN-ABQ,SAN,ABQ,6
4472,SAN-ATL,SAN,ATL,22
4473,SAN-AUS,SAN,AUS,33
4474,SAN-BNA,SAN,BNA,12
4475,SAN-BOI,SAN,BOI,10
4476,SAN-BOS,SAN,BOS,26
4477,SAN-BWI,SAN,BWI,13
4478,SAN-BZN,SAN,BZN,3
4479,SAN-CLT,SAN,CLT,17
4480,SAN-DAL,SAN,DAL,18
4481,SAN-DEN,SAN,DEN,71
4482,SAN-DFW,SAN,DFW,57
4483,SAN-DSM,SAN,DSM,1
4484,SAN-DTW,SAN,DTW,13
4485,SAN-ELP,SAN,ELP,3
4486,SAN-EUG,SAN,EUG,1
4487,SAN-EWR,SAN,EWR,15
4488,SAN-FAT,SAN,FAT,17
4489,SAN-FLL,SAN,FLL,12
4490,SAN-GEG,SAN,GEG,1
4491,SAN-HDN,SAN,HDN,3
4492,SAN-HNL,SAN,HNL,21
4493,SAN-HOU,SAN,HOU,14
4494,SAN-IAD,SAN,IAD,17
4495,SAN-IAH,SAN,IAH,26
4496,SAN-JAC,SAN,JAC,3
4497,SAN-JFK,SAN,JFK,31
4498,SAN-KOA,SAN,KOA,6
4499,SAN-LAS,SAN,LAS,105
4500,SAN-LAX,SAN,LAX,30
4501,SAN-LIH,SAN,LIH,6
4502,SAN-MCI,SAN,MCI,10
4503,SAN-MCO,SAN,MCO,10
4504,SAN-MDW,SAN,MDW,10
4505,SAN-MIA,SAN,MIA,9
4506,SAN-MRY,SAN,MRY,5
4507,SAN-MSP,SAN,MSP,17
4508,SAN-MSY,SAN,MSY,3
4509,SAN-OAK,SAN,OAK,60
4510,SAN-OGG,SAN,OGG,6
4511,SAN-ORD,SAN,ORD,25
4512,SAN-PDX,SAN,PDX,20
4513,SAN-PHL,SAN,PHL,16
4514,SAN-PHX,SAN,PHX,91
4515,SAN-PVU,SAN,PVU,1
4516,SAN-RDM,SAN,RDM,2
4517,SAN-RNO,SAN,RNO,15
4518,SAN-SAT,SAN,SAT,13
4519,SAN-SBP,SAN,SBP,1
4520,SAN-SEA,SAN,SEA,62
4521,SAN-SFO,SAN,SFO,85
4522,SAN-SJC,SAN,SJC,78
4523,SAN-SLC,SAN,SLC,36
4524,SAN-SMF,SAN,SMF,88
4525,SAN-STL,SAN,STL,8
4526,SAN-STS,SAN,STS,14
4527,SAN-TPA,SAN,TPA,7
4528,SAN-TUS,SAN,TUS,11
4529,SAT-ATL,SAT,ATL,35
4530,SAT-BNA,SAT,BNA,13
4531,SAT-BOS,SAT,BOS,4
4532,SAT-BWI,SAT,BWI,10
4533,SAT-CLT,SAT,CLT,22
4534,SAT-DAL,SAT,DAL,46
4535,SAT-DEN,SAT,DEN,46
4536,SAT-DFW,SAT,DFW,73
4537,SAT-DTW,SAT,DTW,13
4538,SAT-ELP,SAT,ELP,8
4539,SAT-EWR,SAT,EWR,11
4540,SAT-FLL,SAT,FLL,11
4541,SAT-HOU,SAT,HOU,32
4542,SAT-IAD,SAT,IAD,13
4543,SAT-IAH,SAT,IAH,28
4544,SAT-JFK,SAT,JFK,13
4545,SAT-LAS,SAT,LAS,31
4546,SAT-LAX,SAT,LAX,29
4547,SAT-MCI,SAT,MCI,5
4548,SAT-MCO,SAT,MCO,17
4549,SAT-MDW,SAT,MDW,2
4550,SAT-MIA,SAT,MIA,7
4551,SAT-MSP,SAT,MSP,10
4552,SAT-MSY,SAT,MSY,5
4553,SAT-OKC,SAT,OKC,4
4554,SAT-ORD,SAT,ORD,17
4555,SAT-PHX,SAT,PHX,38
4556,SAT-SAN,SAT,SAN,8
4557,SAT-SEA,SAT,SEA,10
4558,SAT-SFO,SAT,SFO,5
4559,SAT-SLC,SAT,SLC,11
4560,SAT-STL,SAT,STL,5
4561,SAT-TPA,SAT,TPA,8
4562,SAV-ATL,SAV,ATL,36
4563,SAV-BNA,SAV,BNA,9
4564,SAV-BOS,SAV,BOS,4
4565,SAV-BWI,SAV,BWI,12
4566,SAV-CAK,SAV,CAK,1
4567,SAV-CLT,SAV,CLT,36
4568,SAV-CVG,SAV,CVG,2
4569,SAV-DAL,SAV,DAL,7
4570,SAV-DCA,SAV,DCA,8
4571,SAV-DEN,SAV,DEN,3
4572,SAV-DFW,SAV,DFW,12
4573,SAV-EWR,SAV,EWR,14
4574,SAV-HOU,SAV,HOU,3
4575,SAV-IAD,SAV,IAD,6
4576,SAV-JFK,SAV,JFK,17
4577,SAV-LGA,SAV,LGA,22
4578,SAV-MDW,SAV,MDW,4
4579,SAV-MIA,SAV,MIA,18
4580,SAV-ORD,SAV,ORD,16
4581,SAV-PHL,SAV,PHL,8
4582,SBA-DEN,SBA,DEN,29
4583,SBA-DFW,SBA,DFW,3
4584,SBA-LAS,SBA,LAS,14
4585,SBA-LAX,SBA,LAX,10
4586,SBA-OAK,SBA,OAK,7
4587,SBA-PDX,SBA,PDX,2
4588,SBA-PHX,SBA,PHX,11
4589,SBA-SEA,SBA,SEA,6
4590,SBA-SFO,SBA,SFO,19
4591,SBA-SMF,SBA,SMF,3
4592,SBN-ATL,SBN,ATL,16
4593,SBN-AZA,SBN,AZA,1
4594,SBN-CLT,SBN,CLT,13
4595,SBN-DFW,SBN,DFW,11
4596,SBN-DTW,SBN,DTW,7
4597,SBN-LAS,SBN,LAS,2
4598,SBN-MSP,SBN,MSP,5
4599,SBN-ORD,SBN,ORD,25
4600,SBN-PGD,SBN,PGD,4
4601,SBN-PIE,SBN,PIE,4
4602,SBN-SFB,SBN,SFB,2
4603,SBN-SRQ,SBN,SRQ,2
4604,SBP-DEN,SBP,DEN,11
4605,SBP-DFW,SBP,DFW,10
4606,SBP-LAS,SBP,LAS,8
4607,SBP-LAX,SBP,LAX,7
4608,SBP-PDX,SBP,PDX,2
4609,SBP-PHX,SBP,PHX,16
4610,SBP-SAN,SBP,SAN,3
4611,SBP-SEA,SBP,SEA,3
4612,SBP-SFO,SBP,SFO,10
4613,SCC-ANC,SCC,ANC,7
4614,SCE-ORD,SCE,ORD,6
4615,SCK-LAS,SCK,LAS,8
4616,SCK-PHX,SCK,PHX,1
4617,SDF-ATL,SDF,ATL,39
4618,SDF-BOS,SDF,BOS,6
4619,SDF-BWI,SDF,BWI,14
4620,SDF-CLT,SDF,CLT,37
4621,SDF-DAL,SDF,DAL,1
4622,SDF-DCA,SDF,DCA,13
4623,SDF-DEN,SDF,DEN,14
4624,SDF-DFW,SDF,DFW,31
4625,SDF-DTW,SDF,DTW,9
4626,SDF-EWR,SDF,EWR,17
4627,SDF-FLL,SDF,FLL,8
4628,SDF-HOU,SDF,HOU,8
4629,SDF-IAD,SDF,IAD,5
4630,SDF-LAS,SDF,LAS,4
4631,SDF-LAX,SDF,LAX,5
4632,SDF-LGA,SDF,LGA,33
4633,SDF-MCO,SDF,MCO,19
4634,SDF-MDW,SDF,MDW,20
4635,SDF-MIA,SDF,MIA,9
4636,SDF-MSP,SDF,MSP,8
4637,SDF-ORD,SDF,ORD,23
4638,SDF-PGD,SDF,PGD,1
4639,SDF-PHX,SDF,PHX,9
4640,SDF-RSW,SDF,RSW,1
4641,SDF-SFB,SDF,SFB,2
4642,SDF-SRQ,SDF,SRQ,2
4643,SDF-TPA,SDF,TPA,5
4644,SEA-ABQ,SEA,ABQ,5
4645,SEA-ALW,SEA,ALW,12
4646,SEA-ANC,SEA,ANC,90
4647,SEA-ATL,SEA,ATL,43
4648,SEA-AUS,SEA,AUS,24
4649,SEA-BLI,SEA,BLI,12
4650,SEA-BNA,SEA,BNA,20
4651,SEA-BOI,SEA,BOI,63
4652,SEA-BOS,SEA,BOS,22
4653,SEA-BUR,SEA,BUR,19
4654,SEA-BWI,SEA,BWI,4
4655,SEA-BZN,SEA,BZN,13
4656,SEA-CHS,SEA,CHS,3
4657,SEA-CLE,SEA,CLE,6
4658,SEA-CLT,SEA,CLT,20
4659,SEA-CMH,SEA,CMH,3
4660,SEA-CVG,SEA,CVG,5
4661,SEA-DAL,SEA,DAL,7
4662,SEA-DCA,SEA,DCA,10
4663,SEA-DEN,SEA,DEN,90
4664,SEA-DFW,SEA,DFW,59
4665,SEA-DTW,SEA,DTW,26
4666,SEA-EUG,SEA,EUG,25
4667,SEA-EWR,SEA,EWR,23
4668,SEA-FAI,SEA,FAI,31
4669,SEA-FAT,SEA,FAT,7
4670,SEA-FCA,SEA,FCA,3
4671,SEA-FLL,SEA,FLL,20
4672,SEA-GEG,SEA,GEG,73
4673,SEA-GTF,SEA,GTF,3
4674,SEA-HLN,SEA,HLN,6
4675,SEA-HNL,SEA,HNL,48
4676,SEA-IAD,SEA,IAD,15
4677,SEA-IAH,SEA,IAH,18
4678,SEA-IND,SEA,IND,6
4679,SEA-JAC,SEA,JAC,3
4680,SEA-JFK,SEA,JFK,36
4681,SEA-JNU,SEA,JNU,16
4682,SEA-KOA,SEA,KOA,15
4683,SEA-KTN,SEA,KTN,22
4684,SEA-LAS,SEA,LAS,106
4685,SEA-LAX,SEA,LAX,95
4686,SEA-LIH,SEA,LIH,24
4687,SEA-LWS,SEA,LWS,7
4688,SEA-MCI,SEA,MCI,12
4689,SEA-MCO,SEA,MCO,24
4690,SEA-MDW,SEA,MDW,8
4691,SEA-MFR,SEA,MFR,18
4692,SEA-MIA,SEA,MIA,14
4693,SEA-MKE,SEA,MKE,7
4694,SEA-MRY,SEA,MRY,2
4695,SEA-MSO,SEA,MSO,2
4696,SEA-MSP,SEA,MSP,28
4697,SEA-MSY,SEA,MSY,16
4698,SEA-OAK,SEA,OAK,33
4699,SEA-OGG,SEA,OGG,28
4700,SEA-OKC,SEA,OKC,7
4701,SEA-OMA,SEA,OMA,2
4702,SEA-ONT,SEA,ONT,27
4703,SEA-ORD,SEA,ORD,48
4704,SEA-PDX,SEA,PDX,87
4705,SEA-PHL,SEA,PHL,16
4706,SEA-PHX,SEA,PHX,95
4707,SEA-PIT,SEA,PIT,1
4708,SEA-PSC,SEA,PSC,20
4709,SEA-PSP,SEA,PSP,35
4710,SEA-RDM,SEA,RDM,23
4711,SEA-RDU,SEA,RDU,13
4712,SEA-RNO,SEA,RNO,4
4713,SEA-RSW,SEA,RSW,5
4714,SEA-SAN,SEA,SAN,67
4715,SEA-SAT,SEA,SAT,7
4716,SEA-SBA,SEA,SBA,5
4717,SEA-SBP,SEA,SBP,5
4718,SEA-SFO,SEA,SFO,85
4719,SEA-SJC,SEA,SJC,52
4720,SEA-SLC,SEA,SLC,42
4721,SEA-SMF,SEA,SMF,50
4722,SEA-SNA,SEA,SNA,64
4723,SEA-STL,SEA,STL,5
4724,SEA-STS,SEA,STS,6
4725,SEA-TPA,SEA,TPA,19
4726,SEA-TUS,SEA,TUS,11
4727,SFB-ABE,SFB,ABE,6
4728,SFB-ALB,SFB,ALB,1
4729,SFB-ATW,SFB,ATW,2
4730,SFB-AVL,SFB,AVL,5
4731,SFB-BGR,SFB,BGR,5
4732,SFB-BIS,SFB,BIS,1
4733,SFB-BLV,SFB,BLV,4
4734,SFB-BMI,SFB,BMI,3
4735,SFB-BNA,SFB,BNA,1
4736,SFB-CAK,SFB,CAK,1
4737,SFB-CHA,SFB,CHA,1
4738,SFB-CID,SFB,CID,2
4739,SFB-CKB,SFB,CKB,5
4740,SFB-CVG,SFB,CVG,4
4741,SFB-DAY,SFB,DAY,1
4742,SFB-DSM,SFB,DSM,3
4743,SFB-ELM,SFB,ELM,1
4744,SFB-EYW,SFB,EYW,1
4745,SFB-FAR,SFB,FAR,1
4746,SFB-FNT,SFB,FNT,3
4747,SFB-FSD,SFB,FSD,1
4748,SFB-FWA,SFB,FWA,2
4749,SFB-GFK,SFB,GFK,3
4750,SFB-GRR,SFB,GRR,5
4751,SFB-HGR,SFB,HGR,1
4752,SFB-HTS,SFB,HTS,3
4753,SFB-IAG,SFB,IAG,1
4754,SFB-IND,SFB,IND,3
4755,SFB-LCK,SFB,LCK,4
4756,SFB-LEX,SFB,LEX,2
4757,SFB-MDT,SFB,MDT,3
4758,SFB-MEM,SFB,MEM,1
4759,SFB-MFE,SFB,MFE,2
4760,SFB-MOT,SFB,MOT,2
4761,SFB-OMA,SFB,OMA,1
4762,SFB-ORF,SFB,ORF,1
4763,SFB-PBG,SFB,PBG,1
4764,SFB-PIA,SFB,PIA,2
4765,SFB-PIT,SFB,PIT,2
4766,SFB-PVU,SFB,PVU,1
4767,SFB-RFD,SFB,RFD,2
4768,SFB-RIC,SFB,RIC,3
4769,SFB-ROA,SFB,ROA,1
4770,SFB-SBN,SFB,SBN,2
4771,SFB-SDF,SFB,SDF,2
4772,SFB-SGF,SFB,SGF,3
4773,SFB-SWF,SFB,SWF,1
4774,SFB-SYR,SFB,SYR,2
4775,SFB-TOL,SFB,TOL,3
4776,SFB-TRI,SFB,TRI,2
4777,SFB-TUL,SFB,TUL,1
4778,SFB-TYS,SFB,TYS,8
4779,SFB-USA,SFB,USA,4
4780,SFB-XNA,SFB,XNA,1
4781,SFO-ABQ,SFO,ABQ,9
4782,SFO-ACV,SFO,ACV,13
4783,SFO-ASE,SFO,ASE,17
4784,SFO-ATL,SFO,ATL,39
4785,SFO-AUS,SFO,AUS,28
4786,SFO-BFL,SFO,BFL,9
4787,SFO-BIH,SFO,BIH,4
4788,SFO-BNA,SFO,BNA,7
4789,SFO-BOI,SFO,BOI,30
4790,SFO-BOS,SFO,BOS,45
4791,SFO-BUR,SFO,BUR,64
4792,SFO-BWI,SFO,BWI,5
4793,SFO-BZN,SFO,BZN,7
4794,SFO-CLE,SFO,CLE,8
4795,SFO-CLT,SFO,CLT,23
4796,SFO-CMH,SFO,CMH,6
4797,SFO-DAL,SFO,DAL,2
4798,SFO-DCA,SFO,DCA,9
4799,SFO-DEN,SFO,DEN,73
4800,SFO-DFW,SFO,DFW,61
4801,SFO-DTW,SFO,DTW,16
4802,SFO-EGE,SFO,EGE,6
4803,SFO-EUG,SFO,EUG,12
4804,SFO-EWR,SFO,EWR,44
4805,SFO-FAT,SFO,FAT,18
4806,SFO-FCA,SFO,FCA,3
4807,SFO-FLL,SFO,FLL,27
4808,SFO-GEG,SFO,GEG,12
4809,SFO-HNL,SFO,HNL,33
4810,SFO-IAD,SFO,IAD,34
4811,SFO-IAH,SFO,IAH,32
4812,SFO-IND,SFO,IND,7
4813,SFO-JAC,SFO,JAC,14
4814,SFO-JFK,SFO,JFK,92
4815,SFO-KOA,SFO,KOA,19
4816,SFO-LAS,SFO,LAS,79
4817,SFO-LAX,SFO,LAX,160
4818,SFO-LIH,SFO,LIH,7
4819,SFO-MCI,SFO,MCI,7
4820,SFO-MCO,SFO,MCO,13
4821,SFO-MFR,SFO,MFR,12
4822,SFO-MIA,SFO,MIA,31
4823,SFO-MRY,SFO,MRY,10
4824,SFO-MSP,SFO,MSP,22
4825,SFO-MSY,SFO,MSY,4
4826,SFO-MTJ,SFO,MTJ,3
4827,SFO-OGG,SFO,OGG,21
4828,SFO-ONT,SFO,ONT,13
4829,SFO-ORD,SFO,ORD,63
4830,SFO-OTH,SFO,OTH,2
4831,SFO-PDX,SFO,PDX,46
4832,SFO-PHL,SFO,PHL,19
4833,SFO-PHX,SFO,PHX,61
4834,SFO-PIT,SFO,PIT,6
4835,SFO-PSC,SFO,PSC,1
4836,SFO-PSP,SFO,PSP,38
4837,SFO-RDD,SFO,RDD,11
4838,SFO-RDM,SFO,RDM,17
4839,SFO-RDU,SFO,RDU,9
4840,SFO-RNO,SFO,RNO,21
4841,SFO-RSW,SFO,RSW,3
4842,SFO-SAN,SFO,SAN,68
4843,SFO-SAT,SFO,SAT,6
4844,SFO-SBA,SFO,SBA,20
4845,SFO-SBP,SFO,SBP,15
4846,SFO-SEA,SFO,SEA,83
4847,SFO-SLC,SFO,SLC,62
4848,SFO-SMF,SFO,SMF,16
4849,SFO-SNA,SFO,SNA,63
4850,SFO-SUN,SFO,SUN,8
4851,SFO-TPA,SFO,TPA,10
4852,SFO-TUS,SFO,TUS,12
4853,SGF-ATL,SGF,ATL,15
4854,SGF-AZA,SGF,AZA,3
4855,SGF-CLT,SGF,CLT,14
4856,SGF-DEN,SGF,DEN,9
4857,SGF-DFW,SGF,DFW,45
4858,SGF-LAS,SGF,LAS,2
4859,SGF-ORD,SGF,ORD,18
4860,SGF-PIE,SGF,PIE,3
4861,SGF-SFB,SGF,SFB,1
4862,SGU-DEN,SGU,DEN,7
4863,SGU-PHX,SGU,PHX,9
4864,SGU-SLC,SGU,SLC,14
4865,SHR-DEN,SHR,DEN,10
4866,SHV-ATL,SHV,ATL,16
4867,SHV-CLT,SHV,CLT,6
4868,SHV-DFW,SHV,DFW,34
4869,SHV-LAS,SHV,LAS,1
4870,SIT-JNU,SIT,JNU,8
4871,SIT-KTN,SIT,KTN,6
4872,SJC-ATL,SJC,ATL,14
4873,SJC-AUS,SJC,AUS,23
4874,SJC-BNA,SJC,BNA,3
4875,SJC-BOI,SJC,BOI,9
4876,SJC-BUR,SJC,BUR,36
4877,SJC-DAL,SJC,DAL,6
4878,SJC-DEN,SJC,DEN,33
4879,SJC-DFW,SJC,DFW,20
4880,SJC-EUG,SJC,EUG,4
4881,SJC-GEG,SJC,GEG,7
4882,SJC-HNL,SJC,HNL,23
4883,SJC-HOU,SJC,HOU,4
4884,SJC-IAH,SJC,IAH,3
4885,SJC-KOA,SJC,KOA,4
4886,SJC-LAS,SJC,LAS,62
4887,SJC-LAX,SJC,LAX,60
4888,SJC-LGB,SJC,LGB,17
4889,SJC-LIH,SJC,LIH,4
4890,SJC-MDW,SJC,MDW,9
4891,SJC-MSP,SJC,MSP,4
4892,SJC-OGG,SJC,OGG,6
4893,SJC-ONT,SJC,ONT,21
4894,SJC-ORD,SJC,ORD,11
4895,SJC-PDX,SJC,PDX,30
4896,SJC-PHX,SJC,PHX,37
4897,SJC-PSP,SJC,PSP,3
4898,SJC-RNO,SJC,RNO,6
4899,SJC-SAN,SJC,SAN,82
4900,SJC-SEA,SJC,SEA,54
4901,SJC-SLC,SJC,SLC,29
4902,SJC-SNA,SJC,SNA,43
4903,SJC-STL,SJC,STL,2
4904,SJT-DFW,SJT,DFW,13
4905,SJU-ATL,SJU,ATL,36
4906,SJU-BDL,SJU,BDL,13
4907,SJU-BOS,SJU,BOS,25
4908,SJU-BWI,SJU,BWI,17
4909,SJU-CLE,SJU,CLE,3
4910,SJU-CLT,SJU,CLT,24
4911,SJU-DCA,SJU,DCA,3
4912,SJU-DEN,SJU,DEN,4
4913,SJU-DFW,SJU,DFW,17
4914,SJU-DTW,SJU,DTW,6
4915,SJU-EWR,SJU,EWR,42
4916,SJU-FLL,SJU,FLL,33
4917,SJU-HOU,SJU,HOU,1
4918,SJU-IAD,SJU,IAD,4
4919,SJU-IAH,SJU,IAH,12
4920,SJU-JAX,SJU,JAX,4
4921,SJU-JFK,SJU,JFK,49
4922,SJU-MCO,SJU,MCO,90
4923,SJU-MDW,SJU,MDW,9
4924,SJU-MIA,SJU,MIA,45
4925,SJU-MSP,SJU,MSP,3
4926,SJU-ORD,SJU,ORD,21
4927,SJU-PHL,SJU,PHL,26
4928,SJU-RDU,SJU,RDU,16
4929,SJU-RSW,SJU,RSW,4
4930,SJU-STT,SJU,STT,10
4931,SJU-TPA,SJU,TPA,24
4932,SLC-ABQ,SLC,ABQ,16
4933,SLC-ATL,SLC,ATL,53
4934,SLC-AUS,SLC,AUS,36
4935,SLC-BIL,SLC,BIL,18
4936,SLC-BNA,SLC,BNA,14
4937,SLC-BOI,SLC,BOI,28
4938,SLC-BOS,SLC,BOS,15
4939,SLC-BTM,SLC,BTM,8
4940,SLC-BUR,SLC,BUR,24
4941,SLC-BWI,SLC,BWI,9
4942,SLC-BZN,SLC,BZN,19
4943,SLC-CDC,SLC,CDC,9
4944,SLC-CLT,SLC,CLT,19
4945,SLC-COS,SLC,COS,10
4946,SLC-CPR,SLC,CPR,6
4947,SLC-CVG,SLC,CVG,8
4948,SLC-DAL,SLC,DAL,14
4949,SLC-DCA,SLC,DCA,7
4950,SLC-DEN,SLC,DEN,104
4951,SLC-DFW,SLC,DFW,59
4952,SLC-DTW,SLC,DTW,22
4953,SLC-EKO,SLC,EKO,6
4954,SLC-EUG,SLC,EUG,15
4955,SLC-EWR,SLC,EWR,25
4956,SLC-FAT,SLC,FAT,23
4957,SLC-FCA,SLC,FCA,10
4958,SLC-FLL,SLC,FLL,9
4959,SLC-GEG,SLC,GEG,24
4960,SLC-GTF,SLC,GTF,20
4961,SLC-HLN,SLC,HLN,16
4962,SLC-HNL,SLC,HNL,4
4963,SLC-HOU,SLC,HOU,7
4964,SLC-IAD,SLC,IAD,4
4965,SLC-IAH,SLC,IAH,30
4966,SLC-IDA,SLC,IDA,12
4967,SLC-JAC,SLC,JAC,19
4968,SLC-JFK,SLC,JFK,35
4969,SLC-LAS,SLC,LAS,65
4970,SLC-LAX,SLC,LAX,86
4971,SLC-LGB,SLC,LGB,21
4972,SLC-LWS,SLC,LWS,4
4973,SLC-MCI,SLC,MCI,13
4974,SLC-MCO,SLC,MCO,30
4975,SLC-MDW,SLC,MDW,8
4976,SLC-MEM,SLC,MEM,7
4977,SLC-MFR,SLC,MFR,12
4978,SLC-MIA,SLC,MIA,13
4979,SLC-MKE,SLC,MKE,7
4980,SLC-MSO,SLC,MSO,17
4981,SLC-MSP,SLC,MSP,18
4982,SLC-MSY,SLC,MSY,7
4983,SLC-OAK,SLC,OAK,20
4984,SLC-OGG,SLC,OGG,3
4985,SLC-OKC,SLC,OKC,13
4986,SLC-OMA,SLC,OMA,11
4987,SLC-ONT,SLC,ONT,20
4988,SLC-ORD,SLC,ORD,45
4989,SLC-PDX,SLC,PDX,24
4990,SLC-PHL,SLC,PHL,14
4991,SLC-PHX,SLC,PHX,94
4992,SLC-PIH,SLC,PIH,19
4993,SLC-PSC,SLC,PSC,19
4994,SLC-PSP,SLC,PSP,16
4995,SLC-RDM,SLC,RDM,12
4996,SLC-RDU,SLC,RDU,5
4997,SLC-RNO,SLC,RNO,17
4998,SLC-SAN,SLC,SAN,43
4999,SLC-SAT,SLC,SAT,14
5000,SLC-SEA,SLC,SEA,55
5001,SLC-SFO,SLC,SFO,58
5002,SLC-SGU,SLC,SGU,14
5003,SLC-SJC,SLC,SJC,22
5004,SLC-SMF,SLC,SMF,26
5005,SLC-SNA,SLC,SNA,20
5006,SLC-STL,SLC,STL,7
5007,SLC-SUN,SLC,SUN,10
5008,SLC-TPA,SLC,TPA,4
5009,SLC-TUL,SLC,TUL,13
5010,SLC-TUS,SLC,TUS,19
5011,SLC-TWF,SLC,TWF,9
5012,SLN-HYS,SLN,HYS,6
5013,SLN-ORD,SLN,ORD,6
5014,SMF-ATL,SMF,ATL,13
5015,SMF-AUS,SMF,AUS,11
5016,SMF-BOI,SMF,BOI,4
5017,SMF-BUR,SMF,BUR,49
5018,SMF-CLT,SMF,CLT,4
5019,SMF-DAL,SMF,DAL,8
5020,SMF-DEN,SMF,DEN,55
5021,SMF-DFW,SMF,DFW,17
5022,SMF-GEG,SMF,GEG,15
5023,SMF-HNL,SMF,HNL,9
5024,SMF-HOU,SMF,HOU,5
5025,SMF-IAH,SMF,IAH,6
5026,SMF-JFK,SMF,JFK,6
5027,SMF-LAS,SMF,LAS,90
5028,SMF-LAX,SMF,LAX,70
5029,SMF-LGB,SMF,LGB,26
5030,SMF-MDW,SMF,MDW,8
5031,SMF-MIA,SMF,MIA,5
5032,SMF-MSP,SMF,MSP,7
5033,SMF-OGG,SMF,OGG,9
5034,SMF-ONT,SMF,ONT,29
5035,SMF-ORD,SMF,ORD,14
5036,SMF-PDX,SMF,PDX,18
5037,SMF-PHX,SMF,PHX,42
5038,SMF-PSP,SMF,PSP,8
5039,SMF-SAN,SMF,SAN,80
5040,SMF-SBA,SMF,SBA,7
5041,SMF-SEA,SMF,SEA,57
5042,SMF-SFO,SMF,SFO,14
5043,SMF-SLC,SMF,SLC,23
5044,SMF-SNA,SMF,SNA,44
5045,SMF-STL,SMF,STL,5
5046,SMX-LAS,SMX,LAS,3
5047,SNA-ATL,SNA,ATL,17
5048,SNA-AUS,SNA,AUS,8
5049,SNA-BOI,SNA,BOI,4
5050,SNA-CLT,SNA,CLT,8
5051,SNA-DAL,SNA,DAL,4
5052,SNA-DEN,SNA,DEN,48
5053,SNA-DFW,SNA,DFW,45
5054,SNA-DSM,SNA,DSM,1
5055,SNA-DTW,SNA,DTW,5
5056,SNA-EUG,SNA,EUG,1
5057,SNA-EWR,SNA,EWR,20
5058,SNA-IAH,SNA,IAH,23
5059,SNA-IDA,SNA,IDA,1
5060,SNA-JFK,SNA,JFK,3
5061,SNA-LAS,SNA,LAS,65
5062,SNA-MFR,SNA,MFR,2
5063,SNA-MIA,SNA,MIA,3
5064,SNA-MSP,SNA,MSP,7
5065,SNA-OAK,SNA,OAK,42
5066,SNA-ORD,SNA,ORD,20
5067,SNA-PDX,SNA,PDX,17
5068,SNA-PHX,SNA,PHX,65
5069,SNA-PVU,SNA,PVU,11
5070,SNA-SEA,SNA,SEA,60
5071,SNA-SFO,SNA,SFO,57
5072,SNA-SJC,SNA,SJC,37
5073,SNA-SLC,SNA,SLC,19
5074,SNA-SMF,SNA,SMF,33
5075,SNA-STS,SNA,STS,5
5076,SNA-TUS,SNA,TUS,8
5077,SPI-PGD,SPI,PGD,3
5078,SPN-GUM,SPN,GUM,4
5079,SPS-DFW,SPS,DFW,7
5080,SRQ-ABE,SRQ,ABE,3
5081,SRQ-ATL,SRQ,ATL,40
5082,SRQ-AVL,SRQ,AVL,1
5083,SRQ-BLV,SRQ,BLV,2
5084,SRQ-BNA,SRQ,BNA,8
5085,SRQ-BOS,SRQ,BOS,11
5086,SRQ-BUF,SRQ,BUF,1
5087,SRQ-BWI,SRQ,BWI,24
5088,SRQ-CAK,SRQ,CAK,3
5089,SRQ-CID,SRQ,CID,1
5090,SRQ-CLE,SRQ,CLE,6
5091,SRQ-CLT,SRQ,CLT,40
5092,SRQ-CMH,SRQ,CMH,2
5093,SRQ-CVG,SRQ,CVG,6
5094,SRQ-DAL,SRQ,DAL,5
5095,SRQ-DCA,SRQ,DCA,7
5096,SRQ-DEN,SRQ,DEN,1
5097,SRQ-DFW,SRQ,DFW,5
5098,SRQ-DSM,SRQ,DSM,2
5099,SRQ-DTW,SRQ,DTW,5
5100,SRQ-EWR,SRQ,EWR,14
5101,SRQ-FNT,SRQ,FNT,2
5102,SRQ-FWA,SRQ,FWA,2
5103,SRQ-GRR,SRQ,GRR,3
5104,SRQ-HOU,SRQ,HOU,2
5105,SRQ-IAD,SRQ,IAD,7
5106,SRQ-IND,SRQ,IND,10
5107,SRQ-JFK,SRQ,JFK,6
5108,SRQ-LCK,SRQ,LCK,3
5109,SRQ-LGA,SRQ,LGA,13
5110,SRQ-MDT,SRQ,MDT,2
5111,SRQ-MDW,SRQ,MDW,2
5112,SRQ-MSP,SRQ,MSP,11
5113,SRQ-ORD,SRQ,ORD,21
5114,SRQ-PHL,SRQ,PHL,13
5115,SRQ-PIT,SRQ,PIT,3
5116,SRQ-RFD,SRQ,RFD,1
5117,SRQ-SBN,SRQ,SBN,3
5118,SRQ-SDF,SRQ,SDF,1
5119,SRQ-STL,SRQ,STL,7
5120,STC-AZA,STC,AZA,3
5121,STC-PGD,STC,PGD,3
5122,STL-ATL,STL,ATL,39
5123,STL-AUS,STL,AUS,8
5124,STL-BNA,STL,BNA,24
5125,STL-BOS,STL,BOS,21
5126,STL-BWI,STL,BWI,16
5127,STL-CLE,STL,CLE,10
5128,STL-CLT,STL,CLT,25
5129,STL-CMH,STL,CMH,9
5130,STL-DAL,STL,DAL,32
5131,STL-DCA,STL,DCA,40
5132,STL-DEN,STL,DEN,41
5133,STL-DFW,STL,DFW,23
5134,STL-DSM,STL,DSM,10
5135,STL-DTW,STL,DTW,22
5136,STL-EWR,STL,EWR,8
5137,STL-FLL,STL,FLL,14
5138,STL-HOU,STL,HOU,25
5139,STL-IAH,STL,IAH,14
5140,STL-ICT,STL,ICT,9
5141,STL-JAX,STL,JAX,6
5142,STL-LAS,STL,LAS,24
5143,STL-LAX,STL,LAX,19
5144,STL-LGA,STL,LGA,69
5145,STL-LGB,STL,LGB,10
5146,STL-LIT,STL,LIT,6
5147,STL-MCI,STL,MCI,19
5148,STL-MCO,STL,MCO,47
5149,STL-MDW,STL,MDW,26
5150,STL-MIA,STL,MIA,15
5151,STL-MKE,STL,MKE,9
5152,STL-MSP,STL,MSP,35
5153,STL-MSY,STL,MSY,10
5154,STL-OAK,STL,OAK,6
5155,STL-OKC,STL,OKC,13
5156,STL-OMA,STL,OMA,11
5157,STL-ORD,STL,ORD,26
5158,STL-PHL,STL,PHL,12
5159,STL-PHX,STL,PHX,31
5160,STL-PIT,STL,PIT,3
5161,STL-RDU,STL,RDU,12
5162,STL-RSW,STL,RSW,15
5163,STL-SAN,STL,SAN,4
5164,STL-SAT,STL,SAT,7
5165,STL-SEA,STL,SEA,5
5166,STL-SJC,STL,SJC,2
5167,STL-SJU,STL,SJU,2
5168,STL-SLC,STL,SLC,14
5169,STL-SMF,STL,SMF,9
5170,STL-SRQ,STL,SRQ,6
5171,STL-TPA,STL,TPA,16
5172,STL-TUL,STL,TUL,11
5173,STS-BUR,STS,BUR,2
5174,STS-LAX,STS,LAX,9
5175,STS-PDX,STS,PDX,4
5176,STS-PHX,STS,PHX,7
5177,STS-SAN,STS,SAN,10
5178,STS-SEA,STS,SEA,5
5179,STS-SNA,STS,SNA,10
5180,STT-ATL,STT,ATL,11
5181,STT-CLT,STT,CLT,11
5182,STT-EWR,STT,EWR,8
5183,STT-FLL,STT,FLL,5
5184,STT-IAD,STT,IAD,4
5185,STT-JFK,STT,JFK,10
5186,STT-MCO,STT,MCO,14
5187,STT-MIA,STT,MIA,20
5188,STT-ORD,STT,ORD,5
5189,STT-PHL,STT,PHL,8
5190,STT-SJU,STT,SJU,7
5191,STX-ATL,STX,ATL,4
5192,STX-CLT,STX,CLT,7
5193,STX-FLL,STX,FLL,7
5194,STX-MIA,STX,MIA,14
5195,SUN-DEN,SUN,DEN,15
5196,SUN-LAX,SUN,LAX,3
5197,SUN-ORD,SUN,ORD,2
5198,SUN-SFO,SUN,SFO,7
5199,SUN-SLC,SUN,SLC,20
5200,SUX-DEN,SUX,DEN,5
5201,SUX-ORD,SUX,ORD,5
5202,SWF-PGD,SWF,PGD,2
5203,SWF-PIE,SWF,PIE,1
5204,SWF-SFB,SWF,SFB,1
5205,SWO-DFW,SWO,DFW,11
5206,SYR-ATL,SYR,ATL,16
5207,SYR-BNA,SYR,BNA,2
5208,SYR-BOS,SYR,BOS,7
5209,SYR-BWI,SYR,BWI,15
5210,SYR-CLT,SYR,CLT,12
5211,SYR-DCA,SYR,DCA,20
5212,SYR-DEN,SYR,DEN,4
5213,SYR-DFW,SYR,DFW,9
5214,SYR-DTW,SYR,DTW,21
5215,SYR-EWR,SYR,EWR,13
5216,SYR-IAD,SYR,IAD,2
5217,SYR-JFK,SYR,JFK,25
5218,SYR-LGA,SYR,LGA,11
5219,SYR-MCO,SYR,MCO,21
5220,SYR-MIA,SYR,MIA,1
5221,SYR-ORD,SYR,ORD,21
5222,SYR-PHL,SYR,PHL,2
5223,SYR-PIE,SYR,PIE,2
5224,SYR-RSW,SYR,RSW,3
5225,SYR-SFB,SYR,SFB,2
5226,TLH-ATL,TLH,ATL,19
5227,TLH-CLT,TLH,CLT,5
5228,TLH-DCA,TLH,DCA,3
5229,TLH-DFW,TLH,DFW,14
5230,TLH-FLL,TLH,FLL,6
5231,TLH-MIA,TLH,MIA,26
5232,TOL-AZA,TOL,AZA,2
5233,TOL-PGD,TOL,PGD,3
5234,TOL-PIE,TOL,PIE,2
5235,TOL-SFB,TOL,SFB,4
5236,TPA-ACY,TPA,ACY,7
5237,TPA-ALB,TPA,ALB,6
5238,TPA-ATL,TPA,ATL,119
5239,TPA-AUS,TPA,AUS,21
5240,TPA-BDL,TPA,BDL,12
5241,TPA-BHM,TPA,BHM,8
5242,TPA-BNA,TPA,BNA,26
5243,TPA-BOS,TPA,BOS,49
5244,TPA-BQN,TPA,BQN,10
5245,TPA-BUF,TPA,BUF,9
5246,TPA-BWI,TPA,BWI,35
5247,TPA-CHS,TPA,CHS,3
5248,TPA-CLE,TPA,CLE,16
5249,TPA-CLT,TPA,CLT,50
5250,TPA-CMH,TPA,CMH,20
5251,TPA-CVG,TPA,CVG,22
5252,TPA-DAL,TPA,DAL,25
5253,TPA-DCA,TPA,DCA,39
5254,TPA-DEN,TPA,DEN,48
5255,TPA-DFW,TPA,DFW,54
5256,TPA-DTW,TPA,DTW,38
5257,TPA-EWR,TPA,EWR,55
5258,TPA-FLL,TPA,FLL,29
5259,TPA-GRR,TPA,GRR,2
5260,TPA-HOU,TPA,HOU,16
5261,TPA-HPN,TPA,HPN,6
5262,TPA-IAD,TPA,IAD,25
5263,TPA-IAH,TPA,IAH,22
5264,TPA-IND,TPA,IND,19
5265,TPA-ISP,TPA,ISP,12
5266,TPA-JFK,TPA,JFK,35
5267,TPA-LAS,TPA,LAS,8
5268,TPA-LAX,TPA,LAX,16
5269,TPA-LGA,TPA,LGA,48
5270,TPA-MCI,TPA,MCI,6
5271,TPA-MDW,TPA,MDW,16
5272,TPA-MHT,TPA,MHT,1
5273,TPA-MIA,TPA,MIA,35
5274,TPA-MKE,TPA,MKE,4
5275,TPA-MSP,TPA,MSP,18
5276,TPA-MSY,TPA,MSY,22
5277,TPA-ORD,TPA,ORD,54
5278,TPA-ORF,TPA,ORF,4
5279,TPA-PHL,TPA,PHL,46
5280,TPA-PHX,TPA,PHX,17
5281,TPA-PIT,TPA,PIT,15
5282,TPA-PVD,TPA,PVD,4
5283,TPA-RDU,TPA,RDU,14
5284,TPA-RIC,TPA,RIC,2
5285,TPA-ROC,TPA,ROC,2
5286,TPA-SAN,TPA,SAN,7
5287,TPA-SAT,TPA,SAT,7
5288,TPA-SDF,TPA,SDF,7
5289,TPA-SEA,TPA,SEA,17
5290,TPA-SFO,TPA,SFO,6
5291,TPA-SJU,TPA,SJU,27
5292,TPA-SLC,TPA,SLC,3
5293,TPA-STL,TPA,STL,20
5294,TPA-TTN,TPA,TTN,5
5295,TRI-ATL,TRI,ATL,20
5296,TRI-CLT,TRI,CLT,5
5297,TRI-DFW,TRI,DFW,6
5298,TRI-SFB,TRI,SFB,5
5299,TTN-ATL,TTN,ATL,3
5300,TTN-FLL,TTN,FLL,2
5301,TTN-MCO,TTN,MCO,18
5302,TTN-PBI,TTN,PBI,8
5303,TTN-RSW,TTN,RSW,5
5304,TTN-TPA,TTN,TPA,6
5305,TUL-ATL,TUL,ATL,20
5306,TUL-AUS,TUL,AUS,3
5307,TUL-CLT,TUL,CLT,8
5308,TUL-DAL,TUL,DAL,19
5309,TUL-DCA,TUL,DCA,7
5310,TUL-DEN,TUL,DEN,25
5311,TUL-DFW,TUL,DFW,36
5312,TUL-HOU,TUL,HOU,3
5313,TUL-IAH,TUL,IAH,9
5314,TUL-LAS,TUL,LAS,12
5315,TUL-LAX,TUL,LAX,7
5316,TUL-LGA,TUL,LGA,7
5317,TUL-MDW,TUL,MDW,4
5318,TUL-ORD,TUL,ORD,19
5319,TUL-PHX,TUL,PHX,17
5320,TUL-SLC,TUL,SLC,11
5321,TUL-STL,TUL,STL,6
5322,TUS-ATL,TUS,ATL,10
5323,TUS-DAL,TUS,DAL,1
5324,TUS-DEN,TUS,DEN,52
5325,TUS-DFW,TUS,DFW,27
5326,TUS-HOU,TUS,HOU,3
5327,TUS-IAH,TUS,IAH,11
5328,TUS-LAS,TUS,LAS,14
5329,TUS-LAX,TUS,LAX,29
5330,TUS-MDW,TUS,MDW,2
5331,TUS-MSP,TUS,MSP,4
5332,TUS-ORD,TUS,ORD,10
5333,TUS-PHX,TUS,PHX,51
5334,TUS-SAN,TUS,SAN,9
5335,TUS-SEA,TUS,SEA,13
5336,TUS-SFO,TUS,SFO,17
5337,TUS-SLC,TUS,SLC,13
5338,TUS-SNA,TUS,SNA,7
5339,TVC-DTW,TVC,DTW,17
5340,TVC-ORD,TVC,ORD,18
5341,TVC-PGD,TVC,PGD,2
5342,TVC-PIE,TVC,PIE,2
5343,TWF-SLC,TWF,SLC,13
5344,TXK-DFW,TXK,DFW,19
5345,TYR-DFW,TYR,DFW,16
5346,TYS-ATL,TYS,ATL,40
5347,TYS-AUS,TYS,AUS,1
5348,TYS-BOS,TYS,BOS,1
5349,TYS-CLT,TYS,CLT,34
5350,TYS-DCA,TYS,DCA,20
5351,TYS-DEN,TYS,DEN,11
5352,TYS-DFW,TYS,DFW,13
5353,TYS-DTW,TYS,DTW,5
5354,TYS-EWR,TYS,EWR,1
5355,TYS-FLL,TYS,FLL,6
5356,TYS-HOU,TYS,HOU,1
5357,TYS-LAS,TYS,LAS,2
5358,TYS-LGA,TYS,LGA,23
5359,TYS-MCO,TYS,MCO,1
5360,TYS-MIA,TYS,MIA,7
5361,TYS-ORD,TYS,ORD,21
5362,TYS-PBI,TYS,PBI,3
5363,TYS-PGD,TYS,PGD,3
5364,TYS-PHL,TYS,PHL,7
5365,TYS-PHX,TYS,PHX,2
5366,TYS-PIE,TYS,PIE,6
5367,TYS-SFB,TYS,SFB,8
5368,USA-FLL,USA,FLL,2
5369,USA-PGD,USA,PGD,5
5370,USA-PIE,USA,PIE,2
5371,USA-SFB,USA,SFB,3
5372,VCT-IAH,VCT,IAH,7
5373,VEL-DEN,VEL,DEN,5
5374,VLD-ATL,VLD,ATL,10
5375,VPS-ATL,VPS,ATL,27
5376,VPS-BLV,VPS,BLV,5
5377,VPS-BNA,VPS,BNA,7
5378,VPS-CLT,VPS,CLT,18
5379,VPS-CVG,VPS,CVG,2
5380,VPS-DAL,VPS,DAL,6
5381,VPS-DCA,VPS,DCA,5
5382,VPS-DFW,VPS,DFW,12
5383,VPS-GRR,VPS,GRR,2
5384,VPS-HOU,VPS,HOU,7
5385,VPS-LAS,VPS,LAS,1
5386,VPS-MDW,VPS,MDW,2
5387,VPS-MSP,VPS,MSP,7
5388,VPS-XNA,VPS,XNA,2
5389,WRG-KTN,WRG,KTN,4
5390,WRG-PSG,WRG,PSG,7
5391,XNA-ATL,XNA,ATL,23
5392,XNA-AZA,XNA,AZA,2
5393,XNA-BNA,XNA,BNA,1
5394,XNA-CLT,XNA,CLT,23
5395,XNA-DCA,XNA,DCA,7
5396,XNA-DEN,XNA,DEN,21
5397,XNA-DFW,XNA,DFW,47
5398,XNA-FLL,XNA,FLL,1
5399,XNA-IAH,XNA,IAH,1
5400,XNA-LAS,XNA,LAS,3
5401,XNA-LAX,XNA,LAX,5
5402,XNA-LGA,XNA,LGA,14
5403,XNA-MIA,XNA,MIA,3
5404,XNA-MSP,XNA,MSP,5
5405,XNA-ORD,XNA,ORD,21
5406,XNA-PHX,XNA,PHX,5
5407,XWA-DEN,XWA,DEN,14
5408,XWA-MSP,XWA,MSP,18
5409,YAK-CDV,YAK,CDV,7
5410,YAK-JNU,YAK,JNU,5
5411,YUM-DFW,YUM,DFW,8
5412,YUM-PHX,YUM,PHX,13
